#,HP,Attack,Defense,Sp. Atk,Sp. Def,Speed,Generation,Legendary,Bug,Dark,Dragon,Electric,Fairy,Fighting,Fire,Flying,Ghost,Grass,Ground,Ice,Normal,Poison,Psychic,Rock,Steel,Water
1,45,49,49,65,65,45,1,0,0,0,0,0,0,0,0,0,0,1,0,0,0,1,0,0,0,0
2,60,62,63,80,80,60,1,0,0,0,0,0,0,0,0,0,0,1,0,0,0,1,0,0,0,0
3,80,82,83,100,100,80,1,0,0,0,0,0,0,0,0,0,0,1,0,0,0,1,0,0,0,0
4,80,100,123,122,120,80,1,0,0,0,0,0,0,0,0,0,0,1,0,0,0,1,0,0,0,0
5,39,52,43,60,50,65,1,0,0,0,0,0,0,0,1,0,0,0,0,0,0,0,0,0,0,0
6,58,64,58,80,65,80,1,0,0,0,0,0,0,0,1,0,0,0,0,0,0,0,0,0,0,0
7,78,84,78,109,85,100,1,0,0,0,0,0,0,0,1,1,0,0,0,0,0,0,0,0,0,0
8,78,130,111,130,85,100,1,0,0,0,1,0,0,0,1,0,0,0,0,0,0,0,0,0,0,0
9,78,104,78,159,115,100,1,0,0,0,0,0,0,0,1,1,0,0,0,0,0,0,0,0,0,0
10,44,48,65,50,64,43,1,0,0,0,0,0,0,0,0,0,0,0,0,0,0,0,0,0,0,1
11,59,63,80,65,80,58,1,0,0,0,0,0,0,0,0,0,0,0,0,0,0,0,0,0,0,1
12,79,83,100,85,105,78,1,0,0,0,0,0,0,0,0,0,0,0,0,0,0,0,0,0,0,1
13,79,103,120,135,115,78,1,0,0,0,0,0,0,0,0,0,0,0,0,0,0,0,0,0,0,1
14,45,30,35,20,20,45,1,0,1,0,0,0,0,0,0,0,0,0,0,0,0,0,0,0,0,0
15,50,20,55,25,25,30,1,0,1,0,0,0,0,0,0,0,0,0,0,0,0,0,0,0,0,0
16,60,45,50,90,80,70,1,0,1,0,0,0,0,0,0,1,0,0,0,0,0,0,0,0,0,0
17,40,35,30,20,20,50,1,0,1,0,0,0,0,0,0,0,0,0,0,0,0,1,0,0,0,0
18,45,25,50,25,25,35,1,0,1,0,0,0,0,0,0,0,0,0,0,0,0,1,0,0,0,0
19,65,90,40,45,80,75,1,0,1,0,0,0,0,0,0,0,0,0,0,0,0,1,0,0,0,0
20,65,150,40,15,80,145,1,0,1,0,0,0,0,0,0,0,0,0,0,0,0,1,0,0,0,0
21,40,45,40,35,35,56,1,0,0,0,0,0,0,0,0,1,0,0,0,0,1,0,0,0,0,0
22,63,60,55,50,50,71,1,0,0,0,0,0,0,0,0,1,0,0,0,0,1,0,0,0,0,0
23,83,80,75,70,70,101,1,0,0,0,0,0,0,0,0,1,0,0,0,0,1,0,0,0,0,0
24,83,80,80,135,80,121,1,0,0,0,0,0,0,0,0,1,0,0,0,0,1,0,0,0,0,0
25,30,56,35,25,35,72,1,0,0,0,0,0,0,0,0,0,0,0,0,0,1,0,0,0,0,0
26,55,81,60,50,70,97,1,0,0,0,0,0,0,0,0,0,0,0,0,0,1,0,0,0,0,0
27,40,60,30,31,31,70,1,0,0,0,0,0,0,0,0,1,0,0,0,0,1,0,0,0,0,0
28,65,90,65,61,61,100,1,0,0,0,0,0,0,0,0,1,0,0,0,0,1,0,0,0,0,0
29,35,60,44,40,54,55,1,0,0,0,0,0,0,0,0,0,0,0,0,0,0,1,0,0,0,0
30,60,85,69,65,79,80,1,0,0,0,0,0,0,0,0,0,0,0,0,0,0,1,0,0,0,0
31,35,55,40,50,50,90,1,0,0,0,0,1,0,0,0,0,0,0,0,0,0,0,0,0,0,0
32,60,90,55,90,80,110,1,0,0,0,0,1,0,0,0,0,0,0,0,0,0,0,0,0,0,0
33,50,75,85,20,30,40,1,0,0,0,0,0,0,0,0,0,0,0,1,0,0,0,0,0,0,0
34,75,100,110,45,55,65,1,0,0,0,0,0,0,0,0,0,0,0,1,0,0,0,0,0,0,0
35,55,47,52,40,40,41,1,0,0,0,0,0,0,0,0,0,0,0,0,0,0,1,0,0,0,0
36,70,62,67,55,55,56,1,0,0,0,0,0,0,0,0,0,0,0,0,0,0,1,0,0,0,0
37,90,92,87,75,85,76,1,0,0,0,0,0,0,0,0,0,0,0,1,0,0,1,0,0,0,0
38,46,57,40,40,40,50,1,0,0,0,0,0,0,0,0,0,0,0,0,0,0,1,0,0,0,0
39,61,72,57,55,55,65,1,0,0,0,0,0,0,0,0,0,0,0,0,0,0,1,0,0,0,0
40,81,102,77,85,75,85,1,0,0,0,0,0,0,0,0,0,0,0,1,0,0,1,0,0,0,0
41,70,45,48,60,65,35,1,0,0,0,0,0,1,0,0,0,0,0,0,0,0,0,0,0,0,0
42,95,70,73,95,90,60,1,0,0,0,0,0,1,0,0,0,0,0,0,0,0,0,0,0,0,0
43,38,41,40,50,65,65,1,0,0,0,0,0,0,0,1,0,0,0,0,0,0,0,0,0,0,0
44,73,76,75,81,100,100,1,0,0,0,0,0,0,0,1,0,0,0,0,0,0,0,0,0,0,0
45,115,45,20,45,25,20,1,0,0,0,0,0,1,0,0,0,0,0,0,0,1,0,0,0,0,0
46,140,70,45,85,50,45,1,0,0,0,0,0,1,0,0,0,0,0,0,0,1,0,0,0,0,0
47,40,45,35,30,40,55,1,0,0,0,0,0,0,0,0,1,0,0,0,0,0,1,0,0,0,0
48,75,80,70,65,75,90,1,0,0,0,0,0,0,0,0,1,0,0,0,0,0,1,0,0,0,0
49,45,50,55,75,65,30,1,0,0,0,0,0,0,0,0,0,0,1,0,0,0,1,0,0,0,0
50,60,65,70,85,75,40,1,0,0,0,0,0,0,0,0,0,0,1,0,0,0,1,0,0,0,0
51,75,80,85,110,90,50,1,0,0,0,0,0,0,0,0,0,0,1,0,0,0,1,0,0,0,0
52,35,70,55,45,55,25,1,0,1,0,0,0,0,0,0,0,0,1,0,0,0,0,0,0,0,0
53,60,95,80,60,80,30,1,0,1,0,0,0,0,0,0,0,0,1,0,0,0,0,0,0,0,0
54,60,55,50,40,55,45,1,0,1,0,0,0,0,0,0,0,0,0,0,0,0,1,0,0,0,0
55,70,65,60,90,75,90,1,0,1,0,0,0,0,0,0,0,0,0,0,0,0,1,0,0,0,0
56,10,55,25,35,45,95,1,0,0,0,0,0,0,0,0,0,0,0,1,0,0,0,0,0,0,0
57,35,80,50,50,70,120,1,0,0,0,0,0,0,0,0,0,0,0,1,0,0,0,0,0,0,0
58,40,45,35,40,40,90,1,0,0,0,0,0,0,0,0,0,0,0,0,0,1,0,0,0,0,0
59,65,70,60,65,65,115,1,0,0,0,0,0,0,0,0,0,0,0,0,0,1,0,0,0,0,0
60,50,52,48,65,50,55,1,0,0,0,0,0,0,0,0,0,0,0,0,0,0,0,0,0,0,1
61,80,82,78,95,80,85,1,0,0,0,0,0,0,0,0,0,0,0,0,0,0,0,0,0,0,1
62,40,80,35,35,45,70,1,0,0,0,0,0,0,1,0,0,0,0,0,0,0,0,0,0,0,0
63,65,105,60,60,70,95,1,0,0,0,0,0,0,1,0,0,0,0,0,0,0,0,0,0,0,0
64,55,70,45,70,50,60,1,0,0,0,0,0,0,0,1,0,0,0,0,0,0,0,0,0,0,0
65,90,110,80,100,80,95,1,0,0,0,0,0,0,0,1,0,0,0,0,0,0,0,0,0,0,0
66,40,50,40,40,40,90,1,0,0,0,0,0,0,0,0,0,0,0,0,0,0,0,0,0,0,1
67,65,65,65,50,50,90,1,0,0,0,0,0,0,0,0,0,0,0,0,0,0,0,0,0,0,1
68,90,95,95,70,90,70,1,0,0,0,0,0,0,1,0,0,0,0,0,0,0,0,0,0,0,1
69,25,20,15,105,55,90,1,0,0,0,0,0,0,0,0,0,0,0,0,0,0,0,1,0,0,0
70,40,35,30,120,70,105,1,0,0,0,0,0,0,0,0,0,0,0,0,0,0,0,1,0,0,0
71,55,50,45,135,95,120,1,0,0,0,0,0,0,0,0,0,0,0,0,0,0,0,1,0,0,0
72,55,50,65,175,95,150,1,0,0,0,0,0,0,0,0,0,0,0,0,0,0,0,1,0,0,0
73,70,80,50,35,35,35,1,0,0,0,0,0,0,1,0,0,0,0,0,0,0,0,0,0,0,0
74,80,100,70,50,60,45,1,0,0,0,0,0,0,1,0,0,0,0,0,0,0,0,0,0,0,0
75,90,130,80,65,85,55,1,0,0,0,0,0,0,1,0,0,0,0,0,0,0,0,0,0,0,0
76,50,75,35,70,30,40,1,0,0,0,0,0,0,0,0,0,0,1,0,0,0,1,0,0,0,0
77,65,90,50,85,45,55,1,0,0,0,0,0,0,0,0,0,0,1,0,0,0,1,0,0,0,0
78,80,105,65,100,70,70,1,0,0,0,0,0,0,0,0,0,0,1,0,0,0,1,0,0,0,0
79,40,40,35,50,100,70,1,0,0,0,0,0,0,0,0,0,0,0,0,0,0,1,0,0,0,1
80,80,70,65,80,120,100,1,0,0,0,0,0,0,0,0,0,0,0,0,0,0,1,0,0,0,1
81,40,80,100,30,30,20,1,0,0,0,0,0,0,0,0,0,0,0,1,0,0,0,0,1,0,0
82,55,95,115,45,45,35,1,0,0,0,0,0,0,0,0,0,0,0,1,0,0,0,0,1,0,0
83,80,120,130,55,65,45,1,0,0,0,0,0,0,0,0,0,0,0,1,0,0,0,0,1,0,0
84,50,85,55,65,65,90,1,0,0,0,0,0,0,0,1,0,0,0,0,0,0,0,0,0,0,0
85,65,100,70,80,80,105,1,0,0,0,0,0,0,0,1,0,0,0,0,0,0,0,0,0,0,0
86,90,65,65,40,40,15,1,0,0,0,0,0,0,0,0,0,0,0,0,0,0,0,1,0,0,1
87,95,75,110,100,80,30,1,0,0,0,0,0,0,0,0,0,0,0,0,0,0,0,1,0,0,1
88,95,75,180,130,80,30,1,0,0,0,0,0,0,0,0,0,0,0,0,0,0,0,1,0,0,1
89,25,35,70,95,55,45,1,0,0,0,0,1,0,0,0,0,0,0,0,0,0,0,0,0,1,0
90,50,60,95,120,70,70,1,0,0,0,0,1,0,0,0,0,0,0,0,0,0,0,0,0,1,0
91,52,65,55,58,62,60,1,0,0,0,0,0,0,0,0,1,0,0,0,0,1,0,0,0,0,0
92,35,85,45,35,35,75,1,0,0,0,0,0,0,0,0,1,0,0,0,0,1,0,0,0,0,0
93,60,110,70,60,60,100,1,0,0,0,0,0,0,0,0,1,0,0,0,0,1,0,0,0,0,0
94,65,45,55,45,70,45,1,0,0,0,0,0,0,0,0,0,0,0,0,0,0,0,0,0,0,1
95,90,70,80,70,95,70,1,0,0,0,0,0,0,0,0,0,0,0,0,1,0,0,0,0,0,1
96,80,80,50,40,50,25,1,0,0,0,0,0,0,0,0,0,0,0,0,0,0,1,0,0,0,0
97,105,105,75,65,100,50,1,0,0,0,0,0,0,0,0,0,0,0,0,0,0,1,0,0,0,0
98,30,65,100,45,25,40,1,0,0,0,0,0,0,0,0,0,0,0,0,0,0,0,0,0,0,1
99,50,95,180,85,45,70,1,0,0,0,0,0,0,0,0,0,0,0,0,1,0,0,0,0,0,1
100,30,35,30,100,35,80,1,0,0,0,0,0,0,0,0,0,1,0,0,0,0,1,0,0,0,0
101,45,50,45,115,55,95,1,0,0,0,0,0,0,0,0,0,1,0,0,0,0,1,0,0,0,0
102,60,65,60,130,75,110,1,0,0,0,0,0,0,0,0,0,1,0,0,0,0,1,0,0,0,0
103,60,65,80,170,95,130,1,0,0,0,0,0,0,0,0,0,1,0,0,0,0,1,0,0,0,0
104,35,45,160,30,45,70,1,0,0,0,0,0,0,0,0,0,0,0,1,0,0,0,0,1,0,0
105,60,48,45,43,90,42,1,0,0,0,0,0,0,0,0,0,0,0,0,0,0,0,1,0,0,0
106,85,73,70,73,115,67,1,0,0,0,0,0,0,0,0,0,0,0,0,0,0,0,1,0,0,0
107,30,105,90,25,25,50,1,0,0,0,0,0,0,0,0,0,0,0,0,0,0,0,0,0,0,1
108,55,130,115,50,50,75,1,0,0,0,0,0,0,0,0,0,0,0,0,0,0,0,0,0,0,1
109,40,30,50,55,55,100,1,0,0,0,0,1,0,0,0,0,0,0,0,0,0,0,0,0,0,0
110,60,50,70,80,80,140,1,0,0,0,0,1,0,0,0,0,0,0,0,0,0,0,0,0,0,0
111,60,40,80,60,45,40,1,0,0,0,0,0,0,0,0,0,0,1,0,0,0,0,1,0,0,0
112,95,95,85,125,65,55,1,0,0,0,0,0,0,0,0,0,0,1,0,0,0,0,1,0,0,0
113,50,50,95,40,50,35,1,0,0,0,0,0,0,0,0,0,0,0,1,0,0,0,0,0,0,0
114,60,80,110,50,80,45,1,0,0,0,0,0,0,0,0,0,0,0,1,0,0,0,0,0,0,0
115,50,120,53,35,110,87,1,0,0,0,0,0,0,1,0,0,0,0,0,0,0,0,0,0,0,0
116,50,105,79,35,110,76,1,0,0,0,0,0,0,1,0,0,0,0,0,0,0,0,0,0,0,0
117,90,55,75,60,75,30,1,0,0,0,0,0,0,0,0,0,0,0,0,0,1,0,0,0,0,0
118,40,65,95,60,45,35,1,0,0,0,0,0,0,0,0,0,0,0,0,0,0,1,0,0,0,0
119,65,90,120,85,70,60,1,0,0,0,0,0,0,0,0,0,0,0,0,0,0,1,0,0,0,0
120,80,85,95,30,30,25,1,0,0,0,0,0,0,0,0,0,0,0,1,0,0,0,0,1,0,0
121,105,130,120,45,45,40,1,0,0,0,0,0,0,0,0,0,0,0,1,0,0,0,0,1,0,0
122,250,5,5,35,105,50,1,0,0,0,0,0,0,0,0,0,0,0,0,0,1,0,0,0,0,0
123,65,55,115,100,40,60,1,0,0,0,0,0,0,0,0,0,0,1,0,0,0,0,0,0,0,0
124,105,95,80,40,80,90,1,0,0,0,0,0,0,0,0,0,0,0,0,0,1,0,0,0,0,0
125,105,125,100,60,100,100,1,0,0,0,0,0,0,0,0,0,0,0,0,0,1,0,0,0,0,0
126,30,40,70,70,25,60,1,0,0,0,0,0,0,0,0,0,0,0,0,0,0,0,0,0,0,1
127,55,65,95,95,45,85,1,0,0,0,0,0,0,0,0,0,0,0,0,0,0,0,0,0,0,1
128,45,67,60,35,50,63,1,0,0,0,0,0,0,0,0,0,0,0,0,0,0,0,0,0,0,1
129,80,92,65,65,80,68,1,0,0,0,0,0,0,0,0,0,0,0,0,0,0,0,0,0,0,1
130,30,45,55,70,55,85,1,0,0,0,0,0,0,0,0,0,0,0,0,0,0,0,0,0,0,1
131,60,75,85,100,85,115,1,0,0,0,0,0,0,0,0,0,0,0,0,0,0,0,1,0,0,1
132,40,45,65,100,120,90,1,0,0,0,0,0,1,0,0,0,0,0,0,0,0,0,1,0,0,0
133,70,110,80,55,80,105,1,0,1,0,0,0,0,0,0,1,0,0,0,0,0,0,0,0,0,0
134,65,50,35,115,95,95,1,0,0,0,0,0,0,0,0,0,0,0,0,1,0,0,1,0,0,0
135,65,83,57,95,85,105,1,0,0,0,0,1,0,0,0,0,0,0,0,0,0,0,0,0,0,0
136,65,95,57,100,85,93,1,0,0,0,0,0,0,0,1,0,0,0,0,0,0,0,0,0,0,0
137,65,125,100,55,70,85,1,0,1,0,0,0,0,0,0,0,0,0,0,0,0,0,0,0,0,0
138,65,155,120,65,90,105,1,0,1,0,0,0,0,0,0,1,0,0,0,0,0,0,0,0,0,0
139,75,100,95,40,70,110,1,0,0,0,0,0,0,0,0,0,0,0,0,0,1,0,0,0,0,0
140,20,10,55,15,20,80,1,0,0,0,0,0,0,0,0,0,0,0,0,0,0,0,0,0,0,1
141,95,125,79,60,100,81,1,0,0,0,0,0,0,0,0,1,0,0,0,0,0,0,0,0,0,1
142,95,155,109,70,130,81,1,0,0,1,0,0,0,0,0,0,0,0,0,0,0,0,0,0,0,1
143,130,85,80,85,95,60,1,0,0,0,0,0,0,0,0,0,0,0,0,1,0,0,0,0,0,1
144,48,48,48,48,48,48,1,0,0,0,0,0,0,0,0,0,0,0,0,0,1,0,0,0,0,0
145,55,55,50,45,65,55,1,0,0,0,0,0,0,0,0,0,0,0,0,0,1,0,0,0,0,0
146,130,65,60,110,95,65,1,0,0,0,0,0,0,0,0,0,0,0,0,0,0,0,0,0,0,1
147,65,65,60,110,95,130,1,0,0,0,0,1,0,0,0,0,0,0,0,0,0,0,0,0,0,0
148,65,130,60,95,110,65,1,0,0,0,0,0,0,0,1,0,0,0,0,0,0,0,0,0,0,0
149,65,60,70,85,75,40,1,0,0,0,0,0,0,0,0,0,0,0,0,0,1,0,0,0,0,0
150,35,40,100,90,55,35,1,0,0,0,0,0,0,0,0,0,0,0,0,0,0,0,0,1,0,1
151,70,60,125,115,70,55,1,0,0,0,0,0,0,0,0,0,0,0,0,0,0,0,0,1,0,1
152,30,80,90,55,45,55,1,0,0,0,0,0,0,0,0,0,0,0,0,0,0,0,0,1,0,1
153,60,115,105,65,70,80,1,0,0,0,0,0,0,0,0,0,0,0,0,0,0,0,0,1,0,1
154,80,105,65,60,75,130,1,0,0,0,0,0,0,0,0,1,0,0,0,0,0,0,0,1,0,0
155,80,135,85,70,95,150,1,0,0,0,0,0,0,0,0,1,0,0,0,0,0,0,0,1,0,0
156,160,110,65,65,110,30,1,0,0,0,0,0,0,0,0,0,0,0,0,0,1,0,0,0,0,0
157,90,85,100,95,125,85,1,1,0,0,0,0,0,0,0,1,0,0,0,1,0,0,0,0,0,0
158,90,90,85,125,90,100,1,1,0,0,0,1,0,0,0,1,0,0,0,0,0,0,0,0,0,0
159,90,100,90,125,85,90,1,1,0,0,0,0,0,0,1,1,0,0,0,0,0,0,0,0,0,0
160,41,64,45,50,50,50,1,0,0,0,1,0,0,0,0,0,0,0,0,0,0,0,0,0,0,0
161,61,84,65,70,70,70,1,0,0,0,1,0,0,0,0,0,0,0,0,0,0,0,0,0,0,0
162,91,134,95,100,100,80,1,0,0,0,1,0,0,0,0,1,0,0,0,0,0,0,0,0,0,0
163,106,110,90,154,90,130,1,1,0,0,0,0,0,0,0,0,0,0,0,0,0,0,1,0,0,0
164,106,190,100,154,100,130,1,1,0,0,0,0,0,1,0,0,0,0,0,0,0,0,1,0,0,0
165,106,150,70,194,120,140,1,1,0,0,0,0,0,0,0,0,0,0,0,0,0,0,1,0,0,0
166,100,100,100,100,100,100,1,0,0,0,0,0,0,0,0,0,0,0,0,0,0,0,1,0,0,0
167,45,49,65,49,65,45,2,0,0,0,0,0,0,0,0,0,0,1,0,0,0,0,0,0,0,0
168,60,62,80,63,80,60,2,0,0,0,0,0,0,0,0,0,0,1,0,0,0,0,0,0,0,0
169,80,82,100,83,100,80,2,0,0,0,0,0,0,0,0,0,0,1,0,0,0,0,0,0,0,0
170,39,52,43,60,50,65,2,0,0,0,0,0,0,0,1,0,0,0,0,0,0,0,0,0,0,0
171,58,64,58,80,65,80,2,0,0,0,0,0,0,0,1,0,0,0,0,0,0,0,0,0,0,0
172,78,84,78,109,85,100,2,0,0,0,0,0,0,0,1,0,0,0,0,0,0,0,0,0,0,0
173,50,65,64,44,48,43,2,0,0,0,0,0,0,0,0,0,0,0,0,0,0,0,0,0,0,1
174,65,80,80,59,63,58,2,0,0,0,0,0,0,0,0,0,0,0,0,0,0,0,0,0,0,1
175,85,105,100,79,83,78,2,0,0,0,0,0,0,0,0,0,0,0,0,0,0,0,0,0,0,1
176,35,46,34,35,45,20,2,0,0,0,0,0,0,0,0,0,0,0,0,0,1,0,0,0,0,0
177,85,76,64,45,55,90,2,0,0,0,0,0,0,0,0,0,0,0,0,0,1,0,0,0,0,0
178,60,30,30,36,56,50,2,0,0,0,0,0,0,0,0,1,0,0,0,0,1,0,0,0,0,0
179,100,50,50,76,96,70,2,0,0,0,0,0,0,0,0,1,0,0,0,0,1,0,0,0,0,0
180,40,20,30,40,80,55,2,0,1,0,0,0,0,0,0,1,0,0,0,0,0,0,0,0,0,0
181,55,35,50,55,110,85,2,0,1,0,0,0,0,0,0,1,0,0,0,0,0,0,0,0,0,0
182,40,60,40,40,40,30,2,0,1,0,0,0,0,0,0,0,0,0,0,0,0,1,0,0,0,0
183,70,90,70,60,60,40,2,0,1,0,0,0,0,0,0,0,0,0,0,0,0,1,0,0,0,0
184,85,90,80,70,80,130,2,0,0,0,0,0,0,0,0,1,0,0,0,0,0,1,0,0,0,0
185,75,38,38,56,56,67,2,0,0,0,0,1,0,0,0,0,0,0,0,0,0,0,0,0,0,1
186,125,58,58,76,76,67,2,0,0,0,0,1,0,0,0,0,0,0,0,0,0,0,0,0,0,1
187,20,40,15,35,35,60,2,0,0,0,0,1,0,0,0,0,0,0,0,0,0,0,0,0,0,0
188,50,25,28,45,55,15,2,0,0,0,0,0,1,0,0,0,0,0,0,0,0,0,0,0,0,0
189,90,30,15,40,20,15,2,0,0,0,0,0,1,0,0,0,0,0,0,0,1,0,0,0,0,0
190,35,20,65,40,65,20,2,0,0,0,0,0,1,0,0,0,0,0,0,0,0,0,0,0,0,0
191,55,40,85,80,105,40,2,0,0,0,0,0,1,0,0,1,0,0,0,0,0,0,0,0,0,0
192,40,50,45,70,45,70,2,0,0,0,0,0,0,0,0,1,0,0,0,0,0,0,1,0,0,0
193,65,75,70,95,70,95,2,0,0,0,0,0,0,0,0,1,0,0,0,0,0,0,1,0,0,0
194,55,40,40,65,45,35,2,0,0,0,0,1,0,0,0,0,0,0,0,0,0,0,0,0,0,0
195,70,55,55,80,60,45,2,0,0,0,0,1,0,0,0,0,0,0,0,0,0,0,0,0,0,0
196,90,75,85,115,90,55,2,0,0,0,0,1,0,0,0,0,0,0,0,0,0,0,0,0,0,0
197,90,95,105,165,110,45,2,0,0,0,1,1,0,0,0,0,0,0,0,0,0,0,0,0,0,0
198,75,80,95,90,100,50,2,0,0,0,0,0,0,0,0,0,0,1,0,0,0,0,0,0,0,0
199,70,20,50,20,50,40,2,0,0,0,0,0,1,0,0,0,0,0,0,0,0,0,0,0,0,1
200,100,50,80,60,80,50,2,0,0,0,0,0,1,0,0,0,0,0,0,0,0,0,0,0,0,1
201,70,100,115,30,65,30,2,0,0,0,0,0,0,0,0,0,0,0,0,0,0,0,0,1,0,0
202,90,75,75,90,100,70,2,0,0,0,0,0,0,0,0,0,0,0,0,0,0,0,0,0,0,1
203,35,35,40,35,55,50,2,0,0,0,0,0,0,0,0,1,0,1,0,0,0,0,0,0,0,0
204,55,45,50,45,65,80,2,0,0,0,0,0,0,0,0,1,0,1,0,0,0,0,0,0,0,0
205,75,55,70,55,95,110,2,0,0,0,0,0,0,0,0,1,0,1,0,0,0,0,0,0,0,0
206,55,70,55,40,55,85,2,0,0,0,0,0,0,0,0,0,0,0,0,0,1,0,0,0,0,0
207,30,30,30,30,30,30,2,0,0,0,0,0,0,0,0,0,0,1,0,0,0,0,0,0,0,0
208,75,75,55,105,85,30,2,0,0,0,0,0,0,0,0,0,0,1,0,0,0,0,0,0,0,0
209,65,65,45,75,45,95,2,0,1,0,0,0,0,0,0,1,0,0,0,0,0,0,0,0,0,0
210,55,45,45,25,25,15,2,0,0,0,0,0,0,0,0,0,0,0,1,0,0,0,0,0,0,1
211,95,85,85,65,65,35,2,0,0,0,0,0,0,0,0,0,0,0,1,0,0,0,0,0,0,1
212,65,65,60,130,95,110,2,0,0,0,0,0,0,0,0,0,0,0,0,0,0,0,1,0,0,0
213,95,65,110,60,130,65,2,0,0,1,0,0,0,0,0,0,0,0,0,0,0,0,0,0,0,0
214,60,85,42,85,42,91,2,0,0,1,0,0,0,0,0,1,0,0,0,0,0,0,0,0,0,0
215,95,75,80,100,110,30,2,0,0,0,0,0,0,0,0,0,0,0,0,0,0,0,1,0,0,1
216,60,60,60,85,85,85,2,0,0,0,0,0,0,0,0,0,1,0,0,0,0,0,0,0,0,0
217,48,72,48,72,48,48,2,0,0,0,0,0,0,0,0,0,0,0,0,0,0,0,1,0,0,0
218,190,33,58,33,58,33,2,0,0,0,0,0,0,0,0,0,0,0,0,0,0,0,1,0,0,0
219,70,80,65,90,65,85,2,0,0,0,0,0,0,0,0,0,0,0,0,0,1,0,1,0,0,0
220,50,65,90,35,35,15,2,0,1,0,0,0,0,0,0,0,0,0,0,0,0,0,0,0,0,0
221,75,90,140,60,60,40,2,0,1,0,0,0,0,0,0,0,0,0,0,0,0,0,0,0,1,0
222,100,70,70,65,65,45,2,0,0,0,0,0,0,0,0,0,0,0,0,0,1,0,0,0,0,0
223,65,75,105,35,65,85,2,0,0,0,0,0,0,0,0,1,0,0,1,0,0,0,0,0,0,0
224,75,85,200,55,65,30,2,0,0,0,0,0,0,0,0,0,0,0,1,0,0,0,0,0,1,0
225,75,125,230,55,95,30,2,0,0,0,0,0,0,0,0,0,0,0,1,0,0,0,0,0,1,0
226,60,80,50,40,40,30,2,0,0,0,0,0,1,0,0,0,0,0,0,0,0,0,0,0,0,0
227,90,120,75,60,60,45,2,0,0,0,0,0,1,0,0,0,0,0,0,0,0,0,0,0,0,0
228,65,95,75,55,55,85,2,0,0,0,0,0,0,0,0,0,0,0,0,0,0,1,0,0,0,1
229,70,130,100,55,80,65,2,0,1,0,0,0,0,0,0,0,0,0,0,0,0,0,0,0,1,0
230,70,150,140,65,100,75,2,0,1,0,0,0,0,0,0,0,0,0,0,0,0,0,0,0,1,0
231,20,10,230,10,230,5,2,0,1,0,0,0,0,0,0,0,0,0,0,0,0,0,0,1,0,0
232,80,125,75,40,95,85,2,0,1,0,0,0,0,1,0,0,0,0,0,0,0,0,0,0,0,0
233,80,185,115,40,105,75,2,0,1,0,0,0,0,1,0,0,0,0,0,0,0,0,0,0,0,0
234,55,95,55,35,75,115,2,0,0,1,0,0,0,0,0,0,0,0,0,1,0,0,0,0,0,0
235,60,80,50,50,50,40,2,0,0,0,0,0,0,0,0,0,0,0,0,0,1,0,0,0,0,0
236,90,130,75,75,75,55,2,0,0,0,0,0,0,0,0,0,0,0,0,0,1,0,0,0,0,0
237,40,40,40,70,40,20,2,0,0,0,0,0,0,0,1,0,0,0,0,0,0,0,0,0,0,0
238,50,50,120,80,80,30,2,0,0,0,0,0,0,0,1,0,0,0,0,0,0,0,0,1,0,0
239,50,50,40,30,30,50,2,0,0,0,0,0,0,0,0,0,0,0,1,1,0,0,0,0,0,0
240,100,100,80,60,60,50,2,0,0,0,0,0,0,0,0,0,0,0,1,1,0,0,0,0,0,0
241,55,55,85,65,85,35,2,0,0,0,0,0,0,0,0,0,0,0,0,0,0,0,0,1,0,1
242,35,65,35,65,35,65,2,0,0,0,0,0,0,0,0,0,0,0,0,0,0,0,0,0,0,1
243,75,105,75,105,75,45,2,0,0,0,0,0,0,0,0,0,0,0,0,0,0,0,0,0,0,1
244,45,55,45,65,45,75,2,0,0,0,0,0,0,0,0,1,0,0,0,1,0,0,0,0,0,0
245,65,40,70,80,140,70,2,0,0,0,0,0,0,0,0,1,0,0,0,0,0,0,0,0,0,1
246,65,80,140,40,70,70,2,0,0,0,0,0,0,0,0,1,0,0,0,0,0,0,0,0,1,0
247,45,60,30,80,50,65,2,0,0,1,0,0,0,0,1,0,0,0,0,0,0,0,0,0,0,0
248,75,90,50,110,80,95,2,0,0,1,0,0,0,0,1,0,0,0,0,0,0,0,0,0,0,0
249,75,90,90,140,90,115,2,0,0,1,0,0,0,0,1,0,0,0,0,0,0,0,0,0,0,0
250,75,95,95,95,95,85,2,0,0,0,1,0,0,0,0,0,0,0,0,0,0,0,0,0,0,1
251,90,60,60,40,40,40,2,0,0,0,0,0,0,0,0,0,0,0,1,0,0,0,0,0,0,0
252,90,120,120,60,60,50,2,0,0,0,0,0,0,0,0,0,0,0,1,0,0,0,0,0,0,0
253,85,80,90,105,95,60,2,0,0,0,0,0,0,0,0,0,0,0,0,0,1,0,0,0,0,0
254,73,95,62,85,65,85,2,0,0,0,0,0,0,0,0,0,0,0,0,0,1,0,0,0,0,0
255,55,20,35,20,45,75,2,0,0,0,0,0,0,0,0,0,0,0,0,0,1,0,0,0,0,0
256,35,35,35,35,35,35,2,0,0,0,0,0,0,1,0,0,0,0,0,0,0,0,0,0,0,0
257,50,95,95,35,110,70,2,0,0,0,0,0,0,1,0,0,0,0,0,0,0,0,0,0,0,0
258,45,30,15,85,65,65,2,0,0,0,0,0,0,0,0,0,0,0,0,1,0,0,1,0,0,0
259,45,63,37,65,55,95,2,0,0,0,0,1,0,0,0,0,0,0,0,0,0,0,0,0,0,0
260,45,75,37,70,55,83,2,0,0,0,0,0,0,0,1,0,0,0,0,0,0,0,0,0,0,0
261,95,80,105,40,70,100,2,0,0,0,0,0,0,0,0,0,0,0,0,0,1,0,0,0,0,0
262,255,10,10,75,135,55,2,0,0,0,0,0,0,0,0,0,0,0,0,0,1,0,0,0,0,0
263,90,85,75,115,100,115,2,1,0,0,0,1,0,0,0,0,0,0,0,0,0,0,0,0,0,0
264,115,115,85,90,75,100,2,1,0,0,0,0,0,0,1,0,0,0,0,0,0,0,0,0,0,0
265,100,75,115,90,115,85,2,1,0,0,0,0,0,0,0,0,0,0,0,0,0,0,0,0,0,1
266,50,64,50,45,50,41,2,0,0,0,0,0,0,0,0,0,0,0,1,0,0,0,0,1,0,0
267,70,84,70,65,70,51,2,0,0,0,0,0,0,0,0,0,0,0,1,0,0,0,0,1,0,0
268,100,134,110,95,100,61,2,0,0,1,0,0,0,0,0,0,0,0,0,0,0,0,0,1,0,0
269,100,164,150,95,120,71,2,0,0,1,0,0,0,0,0,0,0,0,0,0,0,0,0,1,0,0
270,106,90,130,90,154,110,2,1,0,0,0,0,0,0,0,1,0,0,0,0,0,0,1,0,0,0
271,106,130,90,110,154,90,2,1,0,0,0,0,0,0,1,1,0,0,0,0,0,0,0,0,0,0
272,100,100,100,100,100,100,2,0,0,0,0,0,0,0,0,0,0,1,0,0,0,0,1,0,0,0
273,40,45,35,65,55,70,3,0,0,0,0,0,0,0,0,0,0,1,0,0,0,0,0,0,0,0
274,50,65,45,85,65,95,3,0,0,0,0,0,0,0,0,0,0,1,0,0,0,0,0,0,0,0
275,70,85,65,105,85,120,3,0,0,0,0,0,0,0,0,0,0,1,0,0,0,0,0,0,0,0
276,70,110,75,145,85,145,3,0,0,0,1,0,0,0,0,0,0,1,0,0,0,0,0,0,0,0
277,45,60,40,70,50,45,3,0,0,0,0,0,0,0,1,0,0,0,0,0,0,0,0,0,0,0
278,60,85,60,85,60,55,3,0,0,0,0,0,0,1,1,0,0,0,0,0,0,0,0,0,0,0
279,80,120,70,110,70,80,3,0,0,0,0,0,0,1,1,0,0,0,0,0,0,0,0,0,0,0
280,80,160,80,130,80,100,3,0,0,0,0,0,0,1,1,0,0,0,0,0,0,0,0,0,0,0
281,50,70,50,50,50,40,3,0,0,0,0,0,0,0,0,0,0,0,0,0,0,0,0,0,0,1
282,70,85,70,60,70,50,3,0,0,0,0,0,0,0,0,0,0,0,1,0,0,0,0,0,0,1
283,100,110,90,85,90,60,3,0,0,0,0,0,0,0,0,0,0,0,1,0,0,0,0,0,0,1
284,100,150,110,95,110,70,3,0,0,0,0,0,0,0,0,0,0,0,1,0,0,0,0,0,0,1
285,35,55,35,30,30,35,3,0,0,1,0,0,0,0,0,0,0,0,0,0,0,0,0,0,0,0
286,70,90,70,60,60,70,3,0,0,1,0,0,0,0,0,0,0,0,0,0,0,0,0,0,0,0
287,38,30,41,30,41,60,3,0,0,0,0,0,0,0,0,0,0,0,0,0,1,0,0,0,0,0
288,78,70,61,50,61,100,3,0,0,0,0,0,0,0,0,0,0,0,0,0,1,0,0,0,0,0
289,45,45,35,20,30,20,3,0,1,0,0,0,0,0,0,0,0,0,0,0,0,0,0,0,0,0
290,50,35,55,25,25,15,3,0,1,0,0,0,0,0,0,0,0,0,0,0,0,0,0,0,0,0
291,60,70,50,100,50,65,3,0,1,0,0,0,0,0,0,1,0,0,0,0,0,0,0,0,0,0
292,50,35,55,25,25,15,3,0,1,0,0,0,0,0,0,0,0,0,0,0,0,0,0,0,0,0
293,60,50,70,50,90,65,3,0,1,0,0,0,0,0,0,0,0,0,0,0,0,1,0,0,0,0
294,40,30,30,40,50,30,3,0,0,0,0,0,0,0,0,0,0,1,0,0,0,0,0,0,0,1
295,60,50,50,60,70,50,3,0,0,0,0,0,0,0,0,0,0,1,0,0,0,0,0,0,0,1
296,80,70,70,90,100,70,3,0,0,0,0,0,0,0,0,0,0,1,0,0,0,0,0,0,0,1
297,40,40,50,30,30,30,3,0,0,0,0,0,0,0,0,0,0,1,0,0,0,0,0,0,0,0
298,70,70,40,60,40,60,3,0,0,1,0,0,0,0,0,0,0,1,0,0,0,0,0,0,0,0
299,90,100,60,90,60,80,3,0,0,1,0,0,0,0,0,0,0,1,0,0,0,0,0,0,0,0
300,40,55,30,30,30,85,3,0,0,0,0,0,0,0,0,1,0,0,0,0,1,0,0,0,0,0
301,60,85,60,50,50,125,3,0,0,0,0,0,0,0,0,1,0,0,0,0,1,0,0,0,0,0
302,40,30,30,55,30,85,3,0,0,0,0,0,0,0,0,1,0,0,0,0,0,0,0,0,0,1
303,60,50,100,85,70,65,3,0,0,0,0,0,0,0,0,1,0,0,0,0,0,0,0,0,0,1
304,28,25,25,45,35,40,3,0,0,0,0,0,1,0,0,0,0,0,0,0,0,0,1,0,0,0
305,38,35,35,65,55,50,3,0,0,0,0,0,1,0,0,0,0,0,0,0,0,0,1,0,0,0
306,68,65,65,125,115,80,3,0,0,0,0,0,1,0,0,0,0,0,0,0,0,0,1,0,0,0
307,68,85,65,165,135,100,3,0,0,0,0,0,1,0,0,0,0,0,0,0,0,0,1,0,0,0
308,40,30,32,50,52,65,3,0,1,0,0,0,0,0,0,0,0,0,0,0,0,0,0,0,0,1
309,70,60,62,80,82,60,3,0,1,0,0,0,0,0,0,1,0,0,0,0,0,0,0,0,0,0
310,60,40,60,40,60,35,3,0,0,0,0,0,0,0,0,0,0,1,0,0,0,0,0,0,0,0
311,60,130,80,60,60,70,3,0,0,0,0,0,0,1,0,0,0,1,0,0,0,0,0,0,0,0
312,60,60,60,35,35,30,3,0,0,0,0,0,0,0,0,0,0,0,0,0,1,0,0,0,0,0
313,80,80,80,55,55,90,3,0,0,0,0,0,0,0,0,0,0,0,0,0,1,0,0,0,0,0
314,150,160,100,95,65,100,3,0,0,0,0,0,0,0,0,0,0,0,0,0,1,0,0,0,0,0
315,31,45,90,30,30,40,3,0,1,0,0,0,0,0,0,0,0,0,1,0,0,0,0,0,0,0
316,61,90,45,50,50,160,3,0,1,0,0,0,0,0,0,1,0,0,0,0,0,0,0,0,0,0
317,1,90,45,30,30,40,3,0,1,0,0,0,0,0,0,0,1,0,0,0,0,0,0,0,0,0
318,64,51,23,51,23,28,3,0,0,0,0,0,0,0,0,0,0,0,0,0,1,0,0,0,0,0
319,84,71,43,71,43,48,3,0,0,0,0,0,0,0,0,0,0,0,0,0,1,0,0,0,0,0
320,104,91,63,91,73,68,3,0,0,0,0,0,0,0,0,0,0,0,0,0,1,0,0,0,0,0
321,72,60,30,20,30,25,3,0,0,0,0,0,0,1,0,0,0,0,0,0,0,0,0,0,0,0
322,144,120,60,40,60,50,3,0,0,0,0,0,0,1,0,0,0,0,0,0,0,0,0,0,0,0
323,50,20,40,20,40,20,3,0,0,0,0,0,1,0,0,0,0,0,0,0,1,0,0,0,0,0
324,30,45,135,45,90,30,3,0,0,0,0,0,0,0,0,0,0,0,0,0,0,0,0,1,0,0
325,50,45,45,35,35,50,3,0,0,0,0,0,0,0,0,0,0,0,0,0,1,0,0,0,0,0
326,70,65,65,55,55,70,3,0,0,0,0,0,0,0,0,0,0,0,0,0,1,0,0,0,0,0
327,50,75,75,65,65,50,3,0,0,1,0,0,0,0,0,0,1,0,0,0,0,0,0,0,0,0
328,50,85,125,85,115,20,3,0,0,1,0,0,0,0,0,0,1,0,0,0,0,0,0,0,0,0
329,50,85,85,55,55,50,3,0,0,0,0,0,1,0,0,0,0,0,0,0,0,0,0,0,1,0
330,50,105,125,55,95,50,3,0,0,0,0,0,1,0,0,0,0,0,0,0,0,0,0,0,1,0
331,50,70,100,40,40,30,3,0,0,0,0,0,0,0,0,0,0,0,0,0,0,0,0,1,1,0
332,60,90,140,50,50,40,3,0,0,0,0,0,0,0,0,0,0,0,0,0,0,0,0,1,1,0
333,70,110,180,60,60,50,3,0,0,0,0,0,0,0,0,0,0,0,0,0,0,0,0,1,1,0
334,70,140,230,60,80,50,3,0,0,0,0,0,0,0,0,0,0,0,0,0,0,0,0,0,1,0
335,30,40,55,40,55,60,3,0,0,0,0,0,0,1,0,0,0,0,0,0,0,0,1,0,0,0
336,60,60,75,60,75,80,3,0,0,0,0,0,0,1,0,0,0,0,0,0,0,0,1,0,0,0
337,60,100,85,80,85,100,3,0,0,0,0,0,0,1,0,0,0,0,0,0,0,0,1,0,0,0
338,40,45,40,65,40,65,3,0,0,0,0,1,0,0,0,0,0,0,0,0,0,0,0,0,0,0
339,70,75,60,105,60,105,3,0,0,0,0,1,0,0,0,0,0,0,0,0,0,0,0,0,0,0
340,70,75,80,135,80,135,3,0,0,0,0,1,0,0,0,0,0,0,0,0,0,0,0,0,0,0
341,60,50,40,85,75,95,3,0,0,0,0,1,0,0,0,0,0,0,0,0,0,0,0,0,0,0
342,60,40,50,75,85,95,3,0,0,0,0,1,0,0,0,0,0,0,0,0,0,0,0,0,0,0
343,65,73,55,47,75,85,3,0,1,0,0,0,0,0,0,0,0,0,0,0,0,0,0,0,0,0
344,65,47,55,73,75,85,3,0,1,0,0,0,0,0,0,0,0,0,0,0,0,0,0,0,0,0
345,50,60,45,100,80,65,3,0,0,0,0,0,0,0,0,0,0,1,0,0,0,1,0,0,0,0
346,70,43,53,43,53,40,3,0,0,0,0,0,0,0,0,0,0,0,0,0,0,1,0,0,0,0
347,100,73,83,73,83,55,3,0,0,0,0,0,0,0,0,0,0,0,0,0,0,1,0,0,0,0
348,45,90,20,65,20,65,3,0,0,1,0,0,0,0,0,0,0,0,0,0,0,0,0,0,0,1
349,70,120,40,95,40,95,3,0,0,1,0,0,0,0,0,0,0,0,0,0,0,0,0,0,0,1
350,70,140,70,110,65,105,3,0,0,1,0,0,0,0,0,0,0,0,0,0,0,0,0,0,0,1
351,130,70,35,70,35,60,3,0,0,0,0,0,0,0,0,0,0,0,0,0,0,0,0,0,0,1
352,170,90,45,90,45,60,3,0,0,0,0,0,0,0,0,0,0,0,0,0,0,0,0,0,0,1
353,60,60,40,65,45,35,3,0,0,0,0,0,0,0,1,0,0,0,1,0,0,0,0,0,0,0
354,70,100,70,105,75,40,3,0,0,0,0,0,0,0,1,0,0,0,1,0,0,0,0,0,0,0
355,70,120,100,145,105,20,3,0,0,0,0,0,0,0,1,0,0,0,1,0,0,0,0,0,0,0
356,70,85,140,85,70,20,3,0,0,0,0,0,0,0,1,0,0,0,0,0,0,0,0,0,0,0
357,60,25,35,70,80,60,3,0,0,0,0,0,0,0,0,0,0,0,0,0,0,0,1,0,0,0
358,80,45,65,90,110,80,3,0,0,0,0,0,0,0,0,0,0,0,0,0,0,0,1,0,0,0
359,60,60,60,60,60,60,3,0,0,0,0,0,0,0,0,0,0,0,0,0,1,0,0,0,0,0
360,45,100,45,45,45,10,3,0,0,0,0,0,0,0,0,0,0,0,1,0,0,0,0,0,0,0
361,50,70,50,50,50,70,3,0,0,0,1,0,0,0,0,0,0,0,1,0,0,0,0,0,0,0
362,80,100,80,80,80,100,3,0,0,0,1,0,0,0,0,0,0,0,1,0,0,0,0,0,0,0
363,50,85,40,85,40,35,3,0,0,0,0,0,0,0,0,0,0,1,0,0,0,0,0,0,0,0
364,70,115,60,115,60,55,3,0,0,1,0,0,0,0,0,0,0,1,0,0,0,0,0,0,0,0
365,45,40,60,40,75,50,3,0,0,0,0,0,0,0,0,1,0,0,0,0,1,0,0,0,0,0
366,75,70,90,70,105,80,3,0,0,0,1,0,0,0,0,1,0,0,0,0,0,0,0,0,0,0
367,75,110,110,110,105,80,3,0,0,0,1,0,1,0,0,0,0,0,0,0,0,0,0,0,0,0
368,73,115,60,60,60,90,3,0,0,0,0,0,0,0,0,0,0,0,0,0,1,0,0,0,0,0
369,73,100,60,100,60,65,3,0,0,0,0,0,0,0,0,0,0,0,0,0,0,1,0,0,0,0
370,70,55,65,95,85,70,3,0,0,0,0,0,0,0,0,0,0,0,0,0,0,0,1,1,0,0
371,70,95,85,55,65,70,3,0,0,0,0,0,0,0,0,0,0,0,0,0,0,0,1,1,0,0
372,50,48,43,46,41,60,3,0,0,0,0,0,0,0,0,0,0,0,1,0,0,0,0,0,0,1
373,110,78,73,76,71,60,3,0,0,0,0,0,0,0,0,0,0,0,1,0,0,0,0,0,0,1
374,43,80,65,50,35,35,3,0,0,0,0,0,0,0,0,0,0,0,0,0,0,0,0,0,0,1
375,63,120,85,90,55,55,3,0,0,1,0,0,0,0,0,0,0,0,0,0,0,0,0,0,0,1
376,40,40,55,40,70,55,3,0,0,0,0,0,0,0,0,0,0,0,1,0,0,0,1,0,0,0
377,60,70,105,70,120,75,3,0,0,0,0,0,0,0,0,0,0,0,1,0,0,0,1,0,0,0
378,66,41,77,61,87,23,3,0,0,0,0,0,0,0,0,0,0,1,0,0,0,0,0,1,0,0
379,86,81,97,81,107,43,3,0,0,0,0,0,0,0,0,0,0,1,0,0,0,0,0,1,0,0
380,45,95,50,40,50,75,3,0,1,0,0,0,0,0,0,0,0,0,0,0,0,0,0,1,0,0
381,75,125,100,70,80,45,3,0,1,0,0,0,0,0,0,0,0,0,0,0,0,0,0,1,0,0
382,20,15,20,10,55,80,3,0,0,0,0,0,0,0,0,0,0,0,0,0,0,0,0,0,0,1
383,95,60,79,100,125,81,3,0,0,0,0,0,0,0,0,0,0,0,0,0,0,0,0,0,0,1
384,70,70,70,70,70,70,3,0,0,0,0,0,0,0,0,0,0,0,0,0,1,0,0,0,0,0
385,60,90,70,60,120,40,3,0,0,0,0,0,0,0,0,0,0,0,0,0,1,0,0,0,0,0
386,44,75,35,63,33,45,3,0,0,0,0,0,0,0,0,0,1,0,0,0,0,0,0,0,0,0
387,64,115,65,83,63,65,3,0,0,0,0,0,0,0,0,0,1,0,0,0,0,0,0,0,0,0
388,64,165,75,93,83,75,3,0,0,0,0,0,0,0,0,0,1,0,0,0,0,0,0,0,0,0
389,20,40,90,30,90,25,3,0,0,0,0,0,0,0,0,0,1,0,0,0,0,0,0,0,0,0
390,40,70,130,60,130,25,3,0,0,0,0,0,0,0,0,0,1,0,0,0,0,0,0,0,0,0
391,99,68,83,72,87,51,3,0,0,0,0,0,0,0,0,1,0,1,0,0,0,0,0,0,0,0
392,65,50,70,95,80,65,3,0,0,0,0,0,0,0,0,0,0,0,0,0,0,0,1,0,0,0
393,65,130,60,75,60,75,3,0,0,1,0,0,0,0,0,0,0,0,0,0,0,0,0,0,0,0
394,65,150,60,115,60,115,3,0,0,1,0,0,0,0,0,0,0,0,0,0,0,0,0,0,0,0
395,95,23,48,23,48,23,3,0,0,0,0,0,0,0,0,0,0,0,0,0,0,0,1,0,0,0
396,50,50,50,50,50,50,3,0,0,0,0,0,0,0,0,0,0,0,0,1,0,0,0,0,0,0
397,80,80,80,80,80,80,3,0,0,0,0,0,0,0,0,0,0,0,0,1,0,0,0,0,0,0
398,80,120,80,120,80,100,3,0,0,0,0,0,0,0,0,0,0,0,0,1,0,0,0,0,0,0
399,70,40,50,55,50,25,3,0,0,0,0,0,0,0,0,0,0,0,0,1,0,0,0,0,0,1
400,90,60,70,75,70,45,3,0,0,0,0,0,0,0,0,0,0,0,0,1,0,0,0,0,0,1
401,110,80,90,95,90,65,3,0,0,0,0,0,0,0,0,0,0,0,0,1,0,0,0,0,0,1
402,35,64,85,74,55,32,3,0,0,0,0,0,0,0,0,0,0,0,0,0,0,0,0,0,0,1
403,55,104,105,94,75,52,3,0,0,0,0,0,0,0,0,0,0,0,0,0,0,0,0,0,0,1
404,55,84,105,114,75,52,3,0,0,0,0,0,0,0,0,0,0,0,0,0,0,0,0,0,0,1
405,100,90,130,45,65,55,3,0,0,0,0,0,0,0,0,0,0,0,0,0,0,0,0,1,0,1
406,43,30,55,40,65,97,3,0,0,0,0,0,0,0,0,0,0,0,0,0,0,0,0,0,0,1
407,45,75,60,40,30,50,3,0,0,0,1,0,0,0,0,0,0,0,0,0,0,0,0,0,0,0
408,65,95,100,60,50,50,3,0,0,0,1,0,0,0,0,0,0,0,0,0,0,0,0,0,0,0
409,95,135,80,110,80,100,3,0,0,0,1,0,0,0,0,1,0,0,0,0,0,0,0,0,0,0
410,95,145,130,120,90,120,3,0,0,0,1,0,0,0,0,1,0,0,0,0,0,0,0,0,0,0
411,40,55,80,35,60,30,3,0,0,0,0,0,0,0,0,0,0,0,0,0,0,0,1,0,1,0
412,60,75,100,55,80,50,3,0,0,0,0,0,0,0,0,0,0,0,0,0,0,0,1,0,1,0
413,80,135,130,95,90,70,3,0,0,0,0,0,0,0,0,0,0,0,0,0,0,0,1,0,1,0
414,80,145,150,105,110,110,3,0,0,0,0,0,0,0,0,0,0,0,0,0,0,0,1,0,1,0
415,80,100,200,50,100,50,3,1,0,0,0,0,0,0,0,0,0,0,0,0,0,0,0,1,0,0
416,80,50,100,100,200,50,3,1,0,0,0,0,0,0,0,0,0,0,0,1,0,0,0,0,0,0
417,80,75,150,75,150,50,3,1,0,0,0,0,0,0,0,0,0,0,0,0,0,0,0,0,1,0
418,80,80,90,110,130,110,3,1,0,0,1,0,0,0,0,0,0,0,0,0,0,0,1,0,0,0
419,80,100,120,140,150,110,3,1,0,0,1,0,0,0,0,0,0,0,0,0,0,0,1,0,0,0
420,80,90,80,130,110,110,3,1,0,0,1,0,0,0,0,0,0,0,0,0,0,0,1,0,0,0
421,80,130,100,160,120,110,3,1,0,0,1,0,0,0,0,0,0,0,0,0,0,0,1,0,0,0
422,100,100,90,150,140,90,3,1,0,0,0,0,0,0,0,0,0,0,0,0,0,0,0,0,0,1
423,100,150,90,180,160,90,3,1,0,0,0,0,0,0,0,0,0,0,0,0,0,0,0,0,0,1
424,100,150,140,100,90,90,3,1,0,0,0,0,0,0,0,0,0,0,1,0,0,0,0,0,0,0
425,100,180,160,150,90,90,3,1,0,0,0,0,0,0,1,0,0,0,1,0,0,0,0,0,0,0
426,105,150,90,150,90,95,3,1,0,0,1,0,0,0,0,1,0,0,0,0,0,0,0,0,0,0
427,105,180,100,180,100,115,3,1,0,0,1,0,0,0,0,1,0,0,0,0,0,0,0,0,0,0
428,100,100,100,100,100,100,3,1,0,0,0,0,0,0,0,0,0,0,0,0,0,0,1,0,1,0
429,50,150,50,150,50,150,3,1,0,0,0,0,0,0,0,0,0,0,0,0,0,0,1,0,0,0
430,50,180,20,180,20,150,3,1,0,0,0,0,0,0,0,0,0,0,0,0,0,0,1,0,0,0
431,50,70,160,70,160,90,3,1,0,0,0,0,0,0,0,0,0,0,0,0,0,0,1,0,0,0
432,50,95,90,95,90,180,3,1,0,0,0,0,0,0,0,0,0,0,0,0,0,0,1,0,0,0
433,55,68,64,45,55,31,4,0,0,0,0,0,0,0,0,0,0,1,0,0,0,0,0,0,0,0
434,75,89,85,55,65,36,4,0,0,0,0,0,0,0,0,0,0,1,0,0,0,0,0,0,0,0
435,95,109,105,75,85,56,4,0,0,0,0,0,0,0,0,0,0,1,1,0,0,0,0,0,0,0
436,44,58,44,58,44,61,4,0,0,0,0,0,0,0,1,0,0,0,0,0,0,0,0,0,0,0
437,64,78,52,78,52,81,4,0,0,0,0,0,0,1,1,0,0,0,0,0,0,0,0,0,0,0
438,76,104,71,104,71,108,4,0,0,0,0,0,0,1,1,0,0,0,0,0,0,0,0,0,0,0
439,53,51,53,61,56,40,4,0,0,0,0,0,0,0,0,0,0,0,0,0,0,0,0,0,0,1
440,64,66,68,81,76,50,4,0,0,0,0,0,0,0,0,0,0,0,0,0,0,0,0,0,0,1
441,84,86,88,111,101,60,4,0,0,0,0,0,0,0,0,0,0,0,0,0,0,0,0,0,1,1
442,40,55,30,30,30,60,4,0,0,0,0,0,0,0,0,1,0,0,0,0,1,0,0,0,0,0
443,55,75,50,40,40,80,4,0,0,0,0,0,0,0,0,1,0,0,0,0,1,0,0,0,0,0
444,85,120,70,50,60,100,4,0,0,0,0,0,0,0,0,1,0,0,0,0,1,0,0,0,0,0
445,59,45,40,35,40,31,4,0,0,0,0,0,0,0,0,0,0,0,0,0,1,0,0,0,0,0
446,79,85,60,55,60,71,4,0,0,0,0,0,0,0,0,0,0,0,0,0,1,0,0,0,0,1
447,37,25,41,25,41,25,4,0,1,0,0,0,0,0,0,0,0,0,0,0,0,0,0,0,0,0
448,77,85,51,55,51,65,4,0,1,0,0,0,0,0,0,0,0,0,0,0,0,0,0,0,0,0
449,45,65,34,40,34,45,4,0,0,0,0,1,0,0,0,0,0,0,0,0,0,0,0,0,0,0
450,60,85,49,60,49,60,4,0,0,0,0,1,0,0,0,0,0,0,0,0,0,0,0,0,0,0
451,80,120,79,95,79,70,4,0,0,0,0,1,0,0,0,0,0,0,0,0,0,0,0,0,0,0
452,40,30,35,50,70,55,4,0,0,0,0,0,0,0,0,0,0,1,0,0,0,1,0,0,0,0
453,60,70,65,125,105,90,4,0,0,0,0,0,0,0,0,0,0,1,0,0,0,1,0,0,0,0
454,67,125,40,30,30,58,4,0,0,0,0,0,0,0,0,0,0,0,0,0,0,0,0,1,0,0
455,97,165,60,65,50,58,4,0,0,0,0,0,0,0,0,0,0,0,0,0,0,0,0,1,0,0
456,30,42,118,42,88,30,4,0,0,0,0,0,0,0,0,0,0,0,0,0,0,0,0,1,1,0
457,60,52,168,47,138,30,4,0,0,0,0,0,0,0,0,0,0,0,0,0,0,0,0,1,1,0
458,40,29,45,29,45,36,4,0,1,0,0,0,0,0,0,0,0,0,0,0,0,0,0,0,0,0
459,60,59,85,79,105,36,4,0,1,0,0,0,0,0,0,0,0,1,0,0,0,0,0,0,0,0
460,60,79,105,59,85,36,4,0,1,0,0,0,0,0,0,0,0,0,1,0,0,0,0,0,0,0
461,60,69,95,69,95,36,4,0,1,0,0,0,0,0,0,0,0,0,0,0,0,0,0,0,1,0
462,70,94,50,94,50,66,4,0,1,0,0,0,0,0,0,1,0,0,0,0,0,0,0,0,0,0
463,30,30,42,30,42,70,4,0,1,0,0,0,0,0,0,1,0,0,0,0,0,0,0,0,0,0
464,70,80,102,80,102,40,4,0,1,0,0,0,0,0,0,1,0,0,0,0,0,0,0,0,0,0
465,60,45,70,45,90,95,4,0,0,0,0,1,0,0,0,0,0,0,0,0,0,0,0,0,0,0
466,55,65,35,60,30,85,4,0,0,0,0,0,0,0,0,0,0,0,0,0,0,0,0,0,0,1
467,85,105,55,85,50,115,4,0,0,0,0,0,0,0,0,0,0,0,0,0,0,0,0,0,0,1
468,45,35,45,62,53,35,4,0,0,0,0,0,0,0,0,0,0,1,0,0,0,0,0,0,0,0
469,70,60,70,87,78,85,4,0,0,0,0,0,0,0,0,0,0,1,0,0,0,0,0,0,0,0
470,76,48,48,57,62,34,4,0,0,0,0,0,0,0,0,0,0,0,0,0,0,0,0,0,0,1
471,111,83,68,92,82,39,4,0,0,0,0,0,0,0,0,0,0,0,1,0,0,0,0,0,0,1
472,75,100,66,60,66,115,4,0,0,0,0,0,0,0,0,0,0,0,0,0,1,0,0,0,0,0
473,90,50,34,60,44,70,4,0,0,0,0,0,0,0,0,1,1,0,0,0,0,0,0,0,0,0
474,150,80,44,90,54,80,4,0,0,0,0,0,0,0,0,1,1,0,0,0,0,0,0,0,0,0
475,55,66,44,44,56,85,4,0,0,0,0,0,0,0,0,0,0,0,0,0,1,0,0,0,0,0
476,65,76,84,54,96,105,4,0,0,0,0,0,0,0,0,0,0,0,0,0,1,0,0,0,0,0
477,65,136,94,54,96,135,4,0,0,0,0,0,0,1,0,0,0,0,0,0,1,0,0,0,0,0
478,60,60,60,105,105,105,4,0,0,0,0,0,0,0,0,0,1,0,0,0,0,0,0,0,0,0
479,100,125,52,105,52,71,4,0,0,1,0,0,0,0,0,1,0,0,0,0,0,0,0,0,0,0
480,49,55,42,42,37,85,4,0,0,0,0,0,0,0,0,0,0,0,0,0,1,0,0,0,0,0
481,71,82,64,64,59,112,4,0,0,0,0,0,0,0,0,0,0,0,0,0,1,0,0,0,0,0
482,45,30,50,65,50,45,4,0,0,0,0,0,0,0,0,0,0,0,0,0,0,0,1,0,0,0
483,63,63,47,41,41,74,4,0,0,1,0,0,0,0,0,0,0,0,0,0,0,1,0,0,0,0
484,103,93,67,71,61,84,4,0,0,1,0,0,0,0,0,0,0,0,0,0,0,1,0,0,0,0
485,57,24,86,24,86,23,4,0,0,0,0,0,0,0,0,0,0,0,0,0,0,0,1,0,1,0
486,67,89,116,79,116,33,4,0,0,0,0,0,0,0,0,0,0,0,0,0,0,0,1,0,1,0
487,50,80,95,10,45,10,4,0,0,0,0,0,0,0,0,0,0,0,0,0,0,0,0,1,0,0
488,20,25,45,70,90,60,4,0,0,0,0,0,1,0,0,0,0,0,0,0,0,0,1,0,0,0
489,100,5,5,15,65,30,4,0,0,0,0,0,0,0,0,0,0,0,0,0,1,0,0,0,0,0
490,76,65,45,92,42,91,4,0,0,0,0,0,0,0,0,1,0,0,0,0,1,0,0,0,0,0
491,50,92,108,92,108,35,4,0,0,1,0,0,0,0,0,0,1,0,0,0,0,0,0,0,0,0
492,58,70,45,40,45,42,4,0,0,0,1,0,0,0,0,0,0,0,1,0,0,0,0,0,0,0
493,68,90,65,50,55,82,4,0,0,0,1,0,0,0,0,0,0,0,1,0,0,0,0,0,0,0
494,108,130,95,80,85,102,4,0,0,0,1,0,0,0,0,0,0,0,1,0,0,0,0,0,0,0
495,108,170,115,120,95,92,4,0,0,0,1,0,0,0,0,0,0,0,1,0,0,0,0,0,0,0
496,135,85,40,40,85,5,4,0,0,0,0,0,0,0,0,0,0,0,0,0,1,0,0,0,0,0
497,40,70,40,35,40,60,4,0,0,0,0,0,0,1,0,0,0,0,0,0,0,0,0,0,0,0
498,70,110,70,115,70,90,4,0,0,0,0,0,0,1,0,0,0,0,0,0,0,0,0,0,1,0
499,70,145,88,140,70,112,4,0,0,0,0,0,0,1,0,0,0,0,0,0,0,0,0,0,1,0
500,68,72,78,38,42,32,4,0,0,0,0,0,0,0,0,0,0,0,1,0,0,0,0,0,0,0
501,108,112,118,68,72,47,4,0,0,0,0,0,0,0,0,0,0,0,1,0,0,0,0,0,0,0
502,40,50,90,30,55,65,4,0,1,0,0,0,0,0,0,0,0,0,0,0,0,1,0,0,0,0
503,70,90,110,60,75,95,4,0,0,1,0,0,0,0,0,0,0,0,0,0,0,1,0,0,0,0
504,48,61,40,61,40,50,4,0,0,0,0,0,0,1,0,0,0,0,0,0,0,1,0,0,0,0
505,83,106,65,86,65,85,4,0,0,0,0,0,0,1,0,0,0,0,0,0,0,1,0,0,0,0
506,74,100,72,90,72,46,4,0,0,0,0,0,0,0,0,0,0,1,0,0,0,0,0,0,0,0
507,49,49,56,49,61,66,4,0,0,0,0,0,0,0,0,0,0,0,0,0,0,0,0,0,0,1
508,69,69,76,69,86,91,4,0,0,0,0,0,0,0,0,0,0,0,0,0,0,0,0,0,0,1
509,45,20,50,60,120,50,4,0,0,0,0,0,0,0,0,1,0,0,0,0,0,0,0,0,0,1
510,60,62,50,62,60,40,4,0,0,0,0,0,0,0,0,0,0,1,0,1,0,0,0,0,0,0
511,90,92,75,92,85,60,4,0,0,0,0,0,0,0,0,0,0,1,0,1,0,0,0,0,0,0
512,90,132,105,132,105,30,4,0,0,0,0,0,0,0,0,0,0,1,0,1,0,0,0,0,0,0
513,70,120,65,45,85,125,4,0,0,1,0,0,0,0,0,0,0,0,0,1,0,0,0,0,0,0
514,70,70,115,130,90,60,4,0,0,0,0,1,0,0,0,0,0,0,0,0,0,0,0,0,1,0
515,110,85,95,80,95,50,4,0,0,0,0,0,0,0,0,0,0,0,0,0,1,0,0,0,0,0
516,115,140,130,55,55,40,4,0,0,0,0,0,0,0,0,0,0,0,1,0,0,0,0,1,0,0
517,100,100,125,110,50,50,4,0,0,0,0,0,0,0,0,0,0,1,0,0,0,0,0,0,0,0
518,75,123,67,95,85,95,4,0,0,0,0,1,0,0,0,0,0,0,0,0,0,0,0,0,0,0
519,75,95,67,125,95,83,4,0,0,0,0,0,0,0,1,0,0,0,0,0,0,0,0,0,0,0
520,85,50,95,120,115,80,4,0,0,0,0,0,1,0,0,1,0,0,0,0,0,0,0,0,0,0
521,86,76,86,116,56,95,4,0,1,0,0,0,0,0,0,1,0,0,0,0,0,0,0,0,0,0
522,65,110,130,60,65,95,4,0,0,0,0,0,0,0,0,0,0,1,0,0,0,0,0,0,0,0
523,65,60,110,130,95,65,4,0,0,0,0,0,0,0,0,0,0,0,0,1,0,0,0,0,0,0
524,75,95,125,45,75,95,4,0,0,0,0,0,0,0,0,1,0,0,1,0,0,0,0,0,0,0
525,110,130,80,70,60,80,4,0,0,0,0,0,0,0,0,0,0,0,1,1,0,0,0,0,0,0
526,85,80,70,135,75,90,4,0,0,0,0,0,0,0,0,0,0,0,0,0,1,0,0,0,0,0
527,68,125,65,65,115,80,4,0,0,0,0,0,0,1,0,0,0,0,0,0,0,0,1,0,0,0
528,68,165,95,65,115,110,4,0,0,0,0,0,0,1,0,0,0,0,0,0,0,0,1,0,0,0
529,60,55,145,75,150,40,4,0,0,0,0,0,0,0,0,0,0,0,0,0,0,0,0,1,1,0
530,45,100,135,65,135,45,4,0,0,0,0,0,0,0,0,0,1,0,0,0,0,0,0,0,0,0
531,70,80,70,80,70,110,4,0,0,0,0,0,0,0,0,0,1,0,0,1,0,0,0,0,0,0
532,50,50,77,95,77,91,4,0,0,0,0,1,0,0,0,0,1,0,0,0,0,0,0,0,0,0
533,50,65,107,105,107,86,4,0,0,0,0,1,0,0,1,0,0,0,0,0,0,0,0,0,0,0
534,50,65,107,105,107,86,4,0,0,0,0,1,0,0,0,0,0,0,0,0,0,0,0,0,0,1
535,50,65,107,105,107,86,4,0,0,0,0,1,0,0,0,0,0,0,0,1,0,0,0,0,0,0
536,50,65,107,105,107,86,4,0,0,0,0,1,0,0,0,1,0,0,0,0,0,0,0,0,0,0
537,50,65,107,105,107,86,4,0,0,0,0,1,0,0,0,0,0,1,0,0,0,0,0,0,0,0
538,75,75,130,75,130,95,4,1,0,0,0,0,0,0,0,0,0,0,0,0,0,0,1,0,0,0
539,80,105,105,105,105,80,4,1,0,0,0,0,0,0,0,0,0,0,0,0,0,0,1,0,0,0
540,75,125,70,125,70,115,4,1,0,0,0,0,0,0,0,0,0,0,0,0,0,0,1,0,0,0
541,100,120,120,150,100,90,4,1,0,0,1,0,0,0,0,0,0,0,0,0,0,0,0,0,1,0
542,90,120,100,150,120,100,4,1,0,0,1,0,0,0,0,0,0,0,0,0,0,0,0,0,0,1
543,91,90,106,130,106,77,4,1,0,0,0,0,0,0,1,0,0,0,0,0,0,0,0,0,1,0
544,110,160,110,80,110,100,4,1,0,0,0,0,0,0,0,0,0,0,0,0,1,0,0,0,0,0
545,150,100,120,100,120,90,4,1,0,0,1,0,0,0,0,0,1,0,0,0,0,0,0,0,0,0
546,150,120,100,120,100,90,4,1,0,0,1,0,0,0,0,0,1,0,0,0,0,0,0,0,0,0
547,120,70,120,75,130,85,4,0,0,0,0,0,0,0,0,0,0,0,0,0,0,0,1,0,0,0
548,80,80,80,80,80,80,4,0,0,0,0,0,0,0,0,0,0,0,0,0,0,0,0,0,0,1
549,100,100,100,100,100,100,4,0,0,0,0,0,0,0,0,0,0,0,0,0,0,0,0,0,0,1
550,70,90,90,135,90,125,4,1,0,1,0,0,0,0,0,0,0,0,0,0,0,0,0,0,0,0
551,100,100,100,100,100,100,4,1,0,0,0,0,0,0,0,0,0,1,0,0,0,0,0,0,0,0
552,100,103,75,120,75,127,4,1,0,0,0,0,0,0,0,1,0,1,0,0,0,0,0,0,0,0
553,120,120,120,120,120,120,4,1,0,0,0,0,0,0,0,0,0,0,0,0,1,0,0,0,0,0
554,100,100,100,100,100,100,5,1,0,0,0,0,0,0,1,0,0,0,0,0,0,0,1,0,0,0
555,45,45,55,45,55,63,5,0,0,0,0,0,0,0,0,0,0,1,0,0,0,0,0,0,0,0
556,60,60,75,60,75,83,5,0,0,0,0,0,0,0,0,0,0,1,0,0,0,0,0,0,0,0
557,75,75,95,75,95,113,5,0,0,0,0,0,0,0,0,0,0,1,0,0,0,0,0,0,0,0
558,65,63,45,45,45,45,5,0,0,0,0,0,0,0,1,0,0,0,0,0,0,0,0,0,0,0
559,90,93,55,70,55,55,5,0,0,0,0,0,0,1,1,0,0,0,0,0,0,0,0,0,0,0
560,110,123,65,100,65,65,5,0,0,0,0,0,0,1,1,0,0,0,0,0,0,0,0,0,0,0
561,55,55,45,63,45,45,5,0,0,0,0,0,0,0,0,0,0,0,0,0,0,0,0,0,0,1
562,75,75,60,83,60,60,5,0,0,0,0,0,0,0,0,0,0,0,0,0,0,0,0,0,0,1
563,95,100,85,108,70,70,5,0,0,0,0,0,0,0,0,0,0,0,0,0,0,0,0,0,0,1
564,45,55,39,35,39,42,5,0,0,0,0,0,0,0,0,0,0,0,0,0,1,0,0,0,0,0
565,60,85,69,60,69,77,5,0,0,0,0,0,0,0,0,0,0,0,0,0,1,0,0,0,0,0
566,45,60,45,25,45,55,5,0,0,0,0,0,0,0,0,0,0,0,0,0,1,0,0,0,0,0
567,65,80,65,35,65,60,5,0,0,0,0,0,0,0,0,0,0,0,0,0,1,0,0,0,0,0
568,85,110,90,45,90,80,5,0,0,0,0,0,0,0,0,0,0,0,0,0,1,0,0,0,0,0
569,41,50,37,50,37,66,5,0,0,1,0,0,0,0,0,0,0,0,0,0,0,0,0,0,0,0
570,64,88,50,88,50,106,5,0,0,1,0,0,0,0,0,0,0,0,0,0,0,0,0,0,0,0
571,50,53,48,53,48,64,5,0,0,0,0,0,0,0,0,0,0,1,0,0,0,0,0,0,0,0
572,75,98,63,98,63,101,5,0,0,0,0,0,0,0,0,0,0,1,0,0,0,0,0,0,0,0
573,50,53,48,53,48,64,5,0,0,0,0,0,0,0,1,0,0,0,0,0,0,0,0,0,0,0
574,75,98,63,98,63,101,5,0,0,0,0,0,0,0,1,0,0,0,0,0,0,0,0,0,0,0
575,50,53,48,53,48,64,5,0,0,0,0,0,0,0,0,0,0,0,0,0,0,0,0,0,0,1
576,75,98,63,98,63,101,5,0,0,0,0,0,0,0,0,0,0,0,0,0,0,0,0,0,0,1
577,76,25,45,67,55,24,5,0,0,0,0,0,0,0,0,0,0,0,0,0,0,0,1,0,0,0
578,116,55,85,107,95,29,5,0,0,0,0,0,0,0,0,0,0,0,0,0,0,0,1,0,0,0
579,50,55,50,36,30,43,5,0,0,0,0,0,0,0,0,1,0,0,0,0,1,0,0,0,0,0
580,62,77,62,50,42,65,5,0,0,0,0,0,0,0,0,1,0,0,0,0,1,0,0,0,0,0
581,80,115,80,65,55,93,5,0,0,0,0,0,0,0,0,1,0,0,0,0,1,0,0,0,0,0
582,45,60,32,50,32,76,5,0,0,0,0,1,0,0,0,0,0,0,0,0,0,0,0,0,0,0
583,75,100,63,80,63,116,5,0,0,0,0,1,0,0,0,0,0,0,0,0,0,0,0,0,0,0
584,55,75,85,25,25,15,5,0,0,0,0,0,0,0,0,0,0,0,0,0,0,0,0,1,0,0
585,70,105,105,50,40,20,5,0,0,0,0,0,0,0,0,0,0,0,0,0,0,0,0,1,0,0
586,85,135,130,60,80,25,5,0,0,0,0,0,0,0,0,0,0,0,0,0,0,0,0,1,0,0
587,55,45,43,55,43,72,5,0,0,0,0,0,0,0,0,1,0,0,0,0,0,0,1,0,0,0
588,67,57,55,77,55,114,5,0,0,0,0,0,0,0,0,1,0,0,0,0,0,0,1,0,0,0
589,60,85,40,30,45,68,5,0,0,0,0,0,0,0,0,0,0,0,1,0,0,0,0,0,0,0
590,110,135,60,50,65,88,5,0,0,0,0,0,0,0,0,0,0,0,1,0,0,0,0,0,1,0
591,103,60,86,60,86,50,5,0,0,0,0,0,0,0,0,0,0,0,0,0,1,0,0,0,0,0
592,103,60,126,80,126,50,5,0,0,0,0,0,1,0,0,0,0,0,0,0,1,0,0,0,0,0
593,75,80,55,25,35,35,5,0,0,0,0,0,0,1,0,0,0,0,0,0,0,0,0,0,0,0
594,85,105,85,40,50,40,5,0,0,0,0,0,0,1,0,0,0,0,0,0,0,0,0,0,0,0
595,105,140,95,55,65,45,5,0,0,0,0,0,0,1,0,0,0,0,0,0,0,0,0,0,0,0
596,50,50,40,50,40,64,5,0,0,0,0,0,0,0,0,0,0,0,0,0,0,0,0,0,0,1
597,75,65,55,65,55,69,5,0,0,0,0,0,0,0,0,0,0,0,1,0,0,0,0,0,0,1
598,105,95,75,85,75,74,5,0,0,0,0,0,0,0,0,0,0,0,1,0,0,0,0,0,0,1
599,120,100,85,30,85,45,5,0,0,0,0,0,0,1,0,0,0,0,0,0,0,0,0,0,0,0
600,75,125,75,30,75,85,5,0,0,0,0,0,0,1,0,0,0,0,0,0,0,0,0,0,0,0
601,45,53,70,40,60,42,5,0,1,0,0,0,0,0,0,0,0,1,0,0,0,0,0,0,0,0
602,55,63,90,50,80,42,5,0,1,0,0,0,0,0,0,0,0,1,0,0,0,0,0,0,0,0
603,75,103,80,70,80,92,5,0,1,0,0,0,0,0,0,0,0,1,0,0,0,0,0,0,0,0
604,30,45,59,30,39,57,5,0,1,0,0,0,0,0,0,0,0,0,0,0,0,1,0,0,0,0
605,40,55,99,40,79,47,5,0,1,0,0,0,0,0,0,0,0,0,0,0,0,1,0,0,0,0
606,60,100,89,55,69,112,5,0,1,0,0,0,0,0,0,0,0,0,0,0,0,1,0,0,0,0
607,40,27,60,37,50,66,5,0,0,0,0,0,1,0,0,0,0,1,0,0,0,0,0,0,0,0
608,60,67,85,77,75,116,5,0,0,0,0,0,1,0,0,0,0,1,0,0,0,0,0,0,0,0
609,45,35,50,70,50,30,5,0,0,0,0,0,0,0,0,0,0,1,0,0,0,0,0,0,0,0
610,70,60,75,110,75,90,5,0,0,0,0,0,0,0,0,0,0,1,0,0,0,0,0,0,0,0
611,70,92,65,80,55,98,5,0,0,0,0,0,0,0,0,0,0,0,0,0,0,0,0,0,0,1
612,50,72,35,35,35,65,5,0,0,1,0,0,0,0,0,0,0,0,1,0,0,0,0,0,0,0
613,60,82,45,45,45,74,5,0,0,1,0,0,0,0,0,0,0,0,1,0,0,0,0,0,0,0
614,95,117,80,65,70,92,5,0,0,1,0,0,0,0,0,0,0,0,1,0,0,0,0,0,0,0
615,70,90,45,15,45,50,5,0,0,0,0,0,0,0,1,0,0,0,0,0,0,0,0,0,0,0
616,105,140,55,30,55,95,5,0,0,0,0,0,0,0,1,0,0,0,0,0,0,0,0,0,0,0
617,105,30,105,140,105,55,5,0,0,0,0,0,0,0,1,0,0,0,0,0,0,0,1,0,0,0
618,75,86,67,106,67,60,5,0,0,0,0,0,0,0,0,0,0,1,0,0,0,0,0,0,0,0
619,50,65,85,35,35,55,5,0,1,0,0,0,0,0,0,0,0,0,0,0,0,0,0,1,0,0
620,70,95,125,65,75,45,5,0,1,0,0,0,0,0,0,0,0,0,0,0,0,0,0,1,0,0
621,50,75,70,35,70,48,5,0,0,1,0,0,0,1,0,0,0,0,0,0,0,0,0,0,0,0
622,65,90,115,45,115,58,5,0,0,1,0,0,0,1,0,0,0,0,0,0,0,0,0,0,0,0
623,72,58,80,103,80,97,5,0,0,0,0,0,0,0,0,1,0,0,0,0,0,0,1,0,0,0
624,38,30,85,55,65,30,5,0,0,0,0,0,0,0,0,0,1,0,0,0,0,0,0,0,0,0
625,58,50,145,95,105,30,5,0,0,0,0,0,0,0,0,0,1,0,0,0,0,0,0,0,0,0
626,54,78,103,53,45,22,5,0,0,0,0,0,0,0,0,0,0,0,0,0,0,0,0,1,0,1
627,74,108,133,83,65,32,5,0,0,0,0,0,0,0,0,0,0,0,0,0,0,0,0,1,0,1
628,55,112,45,74,45,70,5,0,0,0,0,0,0,0,0,1,0,0,0,0,0,0,0,1,0,0
629,75,140,65,112,65,110,5,0,0,0,0,0,0,0,0,1,0,0,0,0,0,0,0,1,0,0
630,50,50,62,40,62,65,5,0,0,0,0,0,0,0,0,0,0,0,0,0,0,1,0,0,0,0
631,80,95,82,60,82,75,5,0,0,0,0,0,0,0,0,0,0,0,0,0,0,1,0,0,0,0
632,40,65,40,80,40,65,5,0,0,1,0,0,0,0,0,0,0,0,0,0,0,0,0,0,0,0
633,60,105,60,120,60,105,5,0,0,1,0,0,0,0,0,0,0,0,0,0,0,0,0,0,0,0
634,55,50,40,40,40,75,5,0,0,0,0,0,0,0,0,0,0,0,0,0,1,0,0,0,0,0
635,75,95,60,65,60,115,5,0,0,0,0,0,0,0,0,0,0,0,0,0,1,0,0,0,0,0
636,45,30,50,55,65,45,5,0,0,0,0,0,0,0,0,0,0,0,0,0,0,0,1,0,0,0
637,60,45,70,75,85,55,5,0,0,0,0,0,0,0,0,0,0,0,0,0,0,0,1,0,0,0
638,70,55,95,95,110,65,5,0,0,0,0,0,0,0,0,0,0,0,0,0,0,0,1,0,0,0
639,45,30,40,105,50,20,5,0,0,0,0,0,0,0,0,0,0,0,0,0,0,0,1,0,0,0
640,65,40,50,125,60,30,5,0,0,0,0,0,0,0,0,0,0,0,0,0,0,0,1,0,0,0
641,110,65,75,125,85,30,5,0,0,0,0,0,0,0,0,0,0,0,0,0,0,0,1,0,0,0
642,62,44,50,44,50,55,5,0,0,0,0,0,0,0,0,1,0,0,0,0,0,0,0,0,0,1
643,75,87,63,87,63,98,5,0,0,0,0,0,0,0,0,1,0,0,0,0,0,0,0,0,0,1
644,36,50,50,65,60,44,5,0,0,0,0,0,0,0,0,0,0,0,0,1,0,0,0,0,0,0
645,51,65,65,80,75,59,5,0,0,0,0,0,0,0,0,0,0,0,0,1,0,0,0,0,0,0
646,71,95,85,110,95,79,5,0,0,0,0,0,0,0,0,0,0,0,0,1,0,0,0,0,0,0
647,60,60,50,40,50,75,5,0,0,0,0,0,0,0,0,0,0,1,0,0,1,0,0,0,0,0
648,80,100,70,60,70,95,5,0,0,0,0,0,0,0,0,0,0,1,0,0,1,0,0,0,0,0
649,55,75,60,75,60,103,5,0,0,0,0,1,0,0,0,1,0,0,0,0,0,0,0,0,0,0
650,50,75,45,40,45,60,5,0,1,0,0,0,0,0,0,0,0,0,0,0,0,0,0,0,0,0
651,70,135,105,60,105,20,5,0,1,0,0,0,0,0,0,0,0,0,0,0,0,0,0,0,1,0
652,69,55,45,55,55,15,5,0,0,0,0,0,0,0,0,0,0,1,0,0,0,1,0,0,0,0
653,114,85,70,85,80,30,5,0,0,0,0,0,0,0,0,0,0,1,0,0,0,1,0,0,0,0
654,55,40,50,65,85,40,5,0,0,0,0,0,0,0,0,0,1,0,0,0,0,0,0,0,0,1
655,100,60,70,85,105,60,5,0,0,0,0,0,0,0,0,0,1,0,0,0,0,0,0,0,0,1
656,165,75,80,40,45,65,5,0,0,0,0,0,0,0,0,0,0,0,0,0,0,0,0,0,0,1
657,50,47,50,57,50,65,5,0,1,0,0,1,0,0,0,0,0,0,0,0,0,0,0,0,0,0
658,70,77,60,97,60,108,5,0,1,0,0,1,0,0,0,0,0,0,0,0,0,0,0,0,0,0
659,44,50,91,24,86,10,5,0,0,0,0,0,0,0,0,0,0,1,0,0,0,0,0,0,1,0
660,74,94,131,54,116,20,5,0,0,0,0,0,0,0,0,0,0,1,0,0,0,0,0,0,1,0
661,40,55,70,45,60,30,5,0,0,0,0,0,0,0,0,0,0,0,0,0,0,0,0,0,1,0
662,60,80,95,70,85,50,5,0,0,0,0,0,0,0,0,0,0,0,0,0,0,0,0,0,1,0
663,60,100,115,70,85,90,5,0,0,0,0,0,0,0,0,0,0,0,0,0,0,0,0,0,1,0
664,35,55,40,45,40,60,5,0,0,0,0,1,0,0,0,0,0,0,0,0,0,0,0,0,0,0
665,65,85,70,75,70,40,5,0,0,0,0,1,0,0,0,0,0,0,0,0,0,0,0,0,0,0
666,85,115,80,105,80,50,5,0,0,0,0,1,0,0,0,0,0,0,0,0,0,0,0,0,0,0
667,55,55,55,85,55,30,5,0,0,0,0,0,0,0,0,0,0,0,0,0,0,0,1,0,0,0
668,75,75,75,125,95,40,5,0,0,0,0,0,0,0,0,0,0,0,0,0,0,0,1,0,0,0
669,50,30,55,65,55,20,5,0,0,0,0,0,0,0,1,0,1,0,0,0,0,0,0,0,0,0
670,60,40,60,95,60,55,5,0,0,0,0,0,0,0,1,0,1,0,0,0,0,0,0,0,0,0
671,60,55,90,145,90,80,5,0,0,0,0,0,0,0,1,0,1,0,0,0,0,0,0,0,0,0
672,46,87,60,30,40,57,5,0,0,0,1,0,0,0,0,0,0,0,0,0,0,0,0,0,0,0
673,66,117,70,40,50,67,5,0,0,0,1,0,0,0,0,0,0,0,0,0,0,0,0,0,0,0
674,76,147,90,60,70,97,5,0,0,0,1,0,0,0,0,0,0,0,0,0,0,0,0,0,0,0
675,55,70,40,60,40,40,5,0,0,0,0,0,0,0,0,0,0,0,0,1,0,0,0,0,0,0
676,95,110,80,70,80,50,5,0,0,0,0,0,0,0,0,0,0,0,0,1,0,0,0,0,0,0
677,70,50,30,95,135,105,5,0,0,0,0,0,0,0,0,0,0,0,0,1,0,0,0,0,0,0
678,50,40,85,40,65,25,5,0,1,0,0,0,0,0,0,0,0,0,0,0,0,0,0,0,0,0
679,80,70,40,100,60,145,5,0,1,0,0,0,0,0,0,0,0,0,0,0,0,0,0,0,0,0
680,109,66,84,81,99,32,5,0,0,0,0,1,0,0,0,0,0,0,1,0,0,0,0,0,0,0
681,45,85,50,55,50,65,5,0,0,0,0,0,0,1,0,0,0,0,0,0,0,0,0,0,0,0
682,65,125,60,95,60,105,5,0,0,0,0,0,0,1,0,0,0,0,0,0,0,0,0,0,0,0
683,77,120,90,60,90,48,5,0,0,0,1,0,0,0,0,0,0,0,0,0,0,0,0,0,0,0
684,59,74,50,35,50,35,5,0,0,0,0,0,0,0,0,0,1,0,1,0,0,0,0,0,0,0
685,89,124,80,55,80,55,5,0,0,0,0,0,0,0,0,0,1,0,1,0,0,0,0,0,0,0
686,45,85,70,40,40,60,5,0,0,1,0,0,0,0,0,0,0,0,0,0,0,0,0,0,1,0
687,65,125,100,60,70,70,5,0,0,1,0,0,0,0,0,0,0,0,0,0,0,0,0,0,1,0
688,95,110,95,40,95,55,5,0,0,0,0,0,0,0,0,0,0,0,0,0,1,0,0,0,0,0
689,70,83,50,37,50,60,5,0,0,0,0,0,0,0,0,1,0,0,0,0,1,0,0,0,0,0
690,100,123,75,57,75,80,5,0,0,0,0,0,0,0,0,1,0,0,0,0,1,0,0,0,0,0
691,70,55,75,45,65,60,5,0,0,1,0,0,0,0,0,1,0,0,0,0,0,0,0,0,0,0
692,110,65,105,55,95,80,5,0,0,1,0,0,0,0,0,1,0,0,0,0,0,0,0,0,0,0
693,85,97,66,105,66,65,5,0,0,0,0,0,0,0,1,0,0,0,0,0,0,0,0,0,0,0
694,58,109,112,48,48,109,5,0,1,0,0,0,0,0,0,0,0,0,0,0,0,0,0,0,1,0
695,52,65,50,45,50,38,5,0,0,1,1,0,0,0,0,0,0,0,0,0,0,0,0,0,0,0
696,72,85,70,65,70,58,5,0,0,1,1,0,0,0,0,0,0,0,0,0,0,0,0,0,0,0
697,92,105,90,125,90,98,5,0,0,1,1,0,0,0,0,0,0,0,0,0,0,0,0,0,0,0
698,55,85,55,50,55,60,5,0,1,0,0,0,0,0,1,0,0,0,0,0,0,0,0,0,0,0
699,85,60,65,135,105,100,5,0,1,0,0,0,0,0,1,0,0,0,0,0,0,0,0,0,0,0
700,91,90,129,90,72,108,5,1,0,0,0,0,0,1,0,0,0,0,0,0,0,0,0,0,1,0
701,91,129,90,72,90,108,5,1,0,0,0,0,0,1,0,0,0,0,0,0,0,0,0,1,0,0
702,91,90,72,90,129,108,5,1,0,0,0,0,0,1,0,0,0,1,0,0,0,0,0,0,0,0
703,79,115,70,125,80,111,5,1,0,0,0,0,0,0,0,1,0,0,0,0,0,0,0,0,0,0
704,79,100,80,110,90,121,5,1,0,0,0,0,0,0,0,1,0,0,0,0,0,0,0,0,0,0
705,79,115,70,125,80,111,5,1,0,0,0,1,0,0,0,1,0,0,0,0,0,0,0,0,0,0
706,79,105,70,145,80,101,5,1,0,0,0,1,0,0,0,1,0,0,0,0,0,0,0,0,0,0
707,100,120,100,150,120,90,5,1,0,0,1,0,0,0,1,0,0,0,0,0,0,0,0,0,0,0
708,100,150,120,120,100,90,5,1,0,0,1,1,0,0,0,0,0,0,0,0,0,0,0,0,0,0
709,89,125,90,115,80,101,5,1,0,0,0,0,0,0,0,1,0,0,1,0,0,0,0,0,0,0
710,89,145,90,105,80,91,5,1,0,0,0,0,0,0,0,1,0,0,1,0,0,0,0,0,0,0
711,125,130,90,130,90,95,5,1,0,0,1,0,0,0,0,0,0,0,0,1,0,0,0,0,0,0
712,125,170,100,120,90,95,5,1,0,0,1,0,0,0,0,0,0,0,0,1,0,0,0,0,0,0
713,125,120,90,170,100,95,5,1,0,0,1,0,0,0,0,0,0,0,0,1,0,0,0,0,0,0
714,91,72,90,129,90,108,5,0,0,0,0,0,0,1,0,0,0,0,0,0,0,0,0,0,0,1
715,91,72,90,129,90,108,5,0,0,0,0,0,0,1,0,0,0,0,0,0,0,0,0,0,0,1
716,100,77,77,128,128,90,5,0,0,0,0,0,0,0,0,0,0,0,0,0,1,0,1,0,0,0
717,100,128,90,77,77,128,5,0,0,0,0,0,0,1,0,0,0,0,0,0,1,0,0,0,0,0
718,71,120,95,120,95,99,5,0,1,0,0,0,0,0,0,0,0,0,0,0,0,0,0,0,1,0
719,56,61,65,48,45,38,6,0,0,0,0,0,0,0,0,0,0,1,0,0,0,0,0,0,0,0
720,61,78,95,56,58,57,6,0,0,0,0,0,0,0,0,0,0,1,0,0,0,0,0,0,0,0
721,88,107,122,74,75,64,6,0,0,0,0,0,0,1,0,0,0,1,0,0,0,0,0,0,0,0
722,40,45,40,62,60,60,6,0,0,0,0,0,0,0,1,0,0,0,0,0,0,0,0,0,0,0
723,59,59,58,90,70,73,6,0,0,0,0,0,0,0,1,0,0,0,0,0,0,0,0,0,0,0
724,75,69,72,114,100,104,6,0,0,0,0,0,0,0,1,0,0,0,0,0,0,0,1,0,0,0
725,41,56,40,62,44,71,6,0,0,0,0,0,0,0,0,0,0,0,0,0,0,0,0,0,0,1
726,54,63,52,83,56,97,6,0,0,0,0,0,0,0,0,0,0,0,0,0,0,0,0,0,0,1
727,72,95,67,103,71,122,6,0,0,1,0,0,0,0,0,0,0,0,0,0,0,0,0,0,0,1
728,38,36,38,32,36,57,6,0,0,0,0,0,0,0,0,0,0,0,0,0,1,0,0,0,0,0
729,85,56,77,50,77,78,6,0,0,0,0,0,0,0,0,0,0,0,1,0,1,0,0,0,0,0
730,45,50,43,40,38,62,6,0,0,0,0,0,0,0,0,1,0,0,0,0,1,0,0,0,0,0
731,62,73,55,56,52,84,6,0,0,0,0,0,0,0,1,1,0,0,0,0,0,0,0,0,0,0
732,78,81,71,74,69,126,6,0,0,0,0,0,0,0,1,1,0,0,0,0,0,0,0,0,0,0
733,38,35,40,27,25,35,6,0,1,0,0,0,0,0,0,0,0,0,0,0,0,0,0,0,0,0
734,45,22,60,27,30,29,6,0,1,0,0,0,0,0,0,0,0,0,0,0,0,0,0,0,0,0
735,80,52,50,90,50,89,6,0,1,0,0,0,0,0,0,1,0,0,0,0,0,0,0,0,0,0
736,62,50,58,73,54,72,6,0,0,0,0,0,0,0,1,0,0,0,0,0,1,0,0,0,0,0
737,86,68,72,109,66,106,6,0,0,0,0,0,0,0,1,0,0,0,0,0,1,0,0,0,0,0
738,44,38,39,61,79,42,6,0,0,0,0,0,1,0,0,0,0,0,0,0,0,0,0,0,0,0
739,54,45,47,75,98,52,6,0,0,0,0,0,1,0,0,0,0,0,0,0,0,0,0,0,0,0
740,78,65,68,112,154,75,6,0,0,0,0,0,1,0,0,0,0,0,0,0,0,0,0,0,0,0
741,66,65,48,62,57,52,6,0,0,0,0,0,0,0,0,0,0,1,0,0,0,0,0,0,0,0
742,123,100,62,97,81,68,6,0,0,0,0,0,0,0,0,0,0,1,0,0,0,0,0,0,0,0
743,67,82,62,46,48,43,6,0,0,0,0,0,0,1,0,0,0,0,0,0,0,0,0,0,0,0
744,95,124,78,69,71,58,6,0,0,1,0,0,0,1,0,0,0,0,0,0,0,0,0,0,0,0
745,75,80,60,65,90,102,6,0,0,0,0,0,0,0,0,0,0,0,0,0,1,0,0,0,0,0
746,62,48,54,63,60,68,6,0,0,0,0,0,0,0,0,0,0,0,0,0,0,0,1,0,0,0
747,74,48,76,83,81,104,6,0,0,0,0,0,0,0,0,0,0,0,0,0,0,0,1,0,0,0
748,74,48,76,83,81,104,6,0,0,0,0,0,0,0,0,0,0,0,0,0,0,0,1,0,0,0
749,45,80,100,35,37,28,6,0,0,0,0,0,0,0,0,0,1,0,0,0,0,0,0,0,1,0
750,59,110,150,45,49,35,6,0,0,0,0,0,0,0,0,0,1,0,0,0,0,0,0,0,1,0
751,60,150,50,150,50,60,6,0,0,0,0,0,0,0,0,0,1,0,0,0,0,0,0,0,1,0
752,60,50,150,50,150,60,6,0,0,0,0,0,0,0,0,0,1,0,0,0,0,0,0,0,1,0
753,78,52,60,63,65,23,6,0,0,0,0,0,1,0,0,0,0,0,0,0,0,0,0,0,0,0
754,101,72,72,99,89,29,6,0,0,0,0,0,1,0,0,0,0,0,0,0,0,0,0,0,0,0
755,62,48,66,59,57,49,6,0,0,0,0,0,1,0,0,0,0,0,0,0,0,0,0,0,0,0
756,82,80,86,85,75,72,6,0,0,0,0,0,1,0,0,0,0,0,0,0,0,0,0,0,0,0
757,53,54,53,37,46,45,6,0,0,1,0,0,0,0,0,0,0,0,0,0,0,0,1,0,0,0
758,86,92,88,68,75,73,6,0,0,1,0,0,0,0,0,0,0,0,0,0,0,0,1,0,0,0
759,42,52,67,39,56,50,6,0,0,0,0,0,0,0,0,0,0,0,0,0,0,0,0,1,0,1
760,72,105,115,54,86,68,6,0,0,0,0,0,0,0,0,0,0,0,0,0,0,0,0,1,0,1
761,50,60,60,60,60,30,6,0,0,0,0,0,0,0,0,0,0,0,0,0,0,1,0,0,0,1
762,65,75,90,97,123,44,6,0,0,0,1,0,0,0,0,0,0,0,0,0,0,1,0,0,0,0
763,50,53,62,58,63,44,6,0,0,0,0,0,0,0,0,0,0,0,0,0,0,0,0,0,0,1
764,71,73,88,120,89,59,6,0,0,0,0,0,0,0,0,0,0,0,0,0,0,0,0,0,0,1
765,44,38,33,61,43,70,6,0,0,0,0,1,0,0,0,0,0,0,0,0,1,0,0,0,0,0
766,62,55,52,109,94,109,6,0,0,0,0,1,0,0,0,0,0,0,0,0,1,0,0,0,0,0
767,58,89,77,45,45,48,6,0,0,0,1,0,0,0,0,0,0,0,0,0,0,0,0,1,0,0
768,82,121,119,69,59,71,6,0,0,0,1,0,0,0,0,0,0,0,0,0,0,0,0,1,0,0
769,77,59,50,67,63,46,6,0,0,0,0,0,0,0,0,0,0,0,0,1,0,0,0,1,0,0
770,123,77,72,99,92,58,6,0,0,0,0,0,0,0,0,0,0,0,0,1,0,0,0,1,0,0
771,95,65,65,110,130,60,6,0,0,0,0,0,1,0,0,0,0,0,0,0,0,0,0,0,0,0
772,78,92,75,74,63,118,6,0,0,0,0,0,0,1,0,1,0,0,0,0,0,0,0,0,0,0
773,67,58,57,81,67,101,6,0,0,0,0,1,1,0,0,0,0,0,0,0,0,0,0,0,0,0
774,50,50,150,50,150,50,6,0,0,0,0,0,1,0,0,0,0,0,0,0,0,0,0,1,0,0
775,45,50,35,55,75,40,6,0,0,0,1,0,0,0,0,0,0,0,0,0,0,0,0,0,0,0
776,68,75,53,83,113,60,6,0,0,0,1,0,0,0,0,0,0,0,0,0,0,0,0,0,0,0
777,90,100,70,110,150,80,6,0,0,0,1,0,0,0,0,0,0,0,0,0,0,0,0,0,0,0
778,57,80,91,80,87,75,6,0,0,0,0,0,1,0,0,0,0,0,0,0,0,0,0,0,1,0
779,43,70,48,50,60,38,6,0,0,0,0,0,0,0,0,0,1,1,0,0,0,0,0,0,0,0
780,85,110,76,65,82,56,6,0,0,0,0,0,0,0,0,0,1,1,0,0,0,0,0,0,0,0
781,49,66,70,44,55,51,6,0,0,0,0,0,0,0,0,0,1,1,0,0,0,0,0,0,0,0
782,44,66,70,44,55,56,6,0,0,0,0,0,0,0,0,0,1,1,0,0,0,0,0,0,0,0
783,54,66,70,44,55,46,6,0,0,0,0,0,0,0,0,0,1,1,0,0,0,0,0,0,0,0
784,59,66,70,44,55,41,6,0,0,0,0,0,0,0,0,0,1,1,0,0,0,0,0,0,0,0
785,65,90,122,58,75,84,6,0,0,0,0,0,0,0,0,0,1,1,0,0,0,0,0,0,0,0
786,55,85,122,58,75,99,6,0,0,0,0,0,0,0,0,0,1,1,0,0,0,0,0,0,0,0
787,75,95,122,58,75,69,6,0,0,0,0,0,0,0,0,0,1,1,0,0,0,0,0,0,0,0
788,85,100,122,58,75,54,6,0,0,0,0,0,0,0,0,0,1,1,0,0,0,0,0,0,0,0
789,55,69,85,32,35,28,6,0,0,0,0,0,0,0,0,0,0,0,0,1,0,0,0,0,0,0
790,95,117,184,44,46,28,6,0,0,0,0,0,0,0,0,0,0,0,0,1,0,0,0,0,0,0
791,40,30,35,45,40,55,6,0,0,0,1,0,0,0,0,1,0,0,0,0,0,0,0,0,0,0
792,85,70,80,97,80,123,6,0,0,0,1,0,0,0,0,1,0,0,0,0,0,0,0,0,0,0
793,126,131,95,131,98,99,6,1,0,0,0,0,1,0,0,0,0,0,0,0,0,0,0,0,0,0
794,126,131,95,131,98,99,6,1,0,1,0,0,0,0,0,1,0,0,0,0,0,0,0,0,0,0
795,108,100,121,81,95,95,6,1,0,0,1,0,0,0,0,0,0,0,1,0,0,0,0,0,0,0
796,50,100,150,100,150,50,6,1,0,0,0,0,1,0,0,0,0,0,0,0,0,0,0,1,0,0
797,50,160,110,160,110,110,6,1,0,0,0,0,1,0,0,0,0,0,0,0,0,0,0,1,0,0
798,80,110,60,150,130,70,6,1,0,0,0,0,0,0,0,0,1,0,0,0,0,0,1,0,0,0
799,80,160,60,170,130,80,6,1,0,1,0,0,0,0,0,0,0,0,0,0,0,0,1,0,0,0
800,80,110,120,130,90,70,6,1,0,0,0,0,0,0,1,0,0,0,0,0,0,0,0,0,0,1
